Frequency_Hz,Ratio_Mean,Ratio_Std,Ratio_Mean_dB,Phase_Mean_deg,Phase_Std_deg,Time_Delay_Mean_ms,Ratio_run1,Ratio_run2,Ratio_run3,Ratio_run4,Ratio_run5,Ratio_run6,Phase_run1,Phase_run2,Phase_run3,Phase_run4,Phase_run5,Phase_run6
0.5000,0.9743,0.0235,-0.2261,0.2735,0.5231,-1.5195,0.9681,0.9695,0.9409,0.9651,1.0065,0.9958,0.0964,0.0622,0.0736,0.0096,1.3396,0.0597
1.0000,0.9800,0.0229,-0.1758,0.1674,0.5035,-0.4651,0.9732,0.9755,0.9476,0.9708,1.0100,1.0026,-0.0246,-0.0409,-0.0108,-0.0473,1.1944,-0.0661
2.0000,1.0015,0.0224,0.0133,-0.2332,0.3839,0.3239,0.9939,0.9977,0.9653,1.0019,1.0252,1.0253,-0.3344,-0.4051,-0.4032,-0.4517,0.5456,-0.3504
3.0000,1.0374,0.0214,0.3189,-1.0902,0.2957,1.0095,1.0312,1.0305,1.0030,1.0399,1.0578,1.0620,-1.1972,-1.1389,-1.1948,-1.1823,-0.5007,-1.3275
4.0000,1.0849,0.0220,0.7074,-2.4749,0.2622,1.7187,1.0748,1.0782,1.0498,1.0924,1.1042,1.1097,-2.4225,-2.6944,-2.5162,-2.5388,-1.9853,-2.6924
5.0000,1.1371,0.0248,1.1163,-4.2965,0.2690,2.3869,1.1270,1.1297,1.0977,1.1423,1.1643,1.1618,-4.3830,-4.3401,-4.2853,-4.3899,-3.7896,-4.5909
6.0000,1.1975,0.0316,1.5652,-6.9217,0.1615,3.2045,1.1871,1.1909,1.1456,1.2009,1.2311,1.2291,-6.9530,-6.8577,-6.7147,-6.9462,-6.8580,-7.2006
8.0000,1.3212,0.0495,2.4193,-13.9550,0.2213,4.8455,1.3209,1.3175,1.2375,1.3091,1.3785,1.3636,-13.8525,-14.0485,-13.5620,-13.9920,-14.1780,-14.0967
10.0000,1.4466,0.0745,3.2068,-22.8067,0.3496,6.3352,1.4435,1.4486,1.3240,1.4171,1.5302,1.5161,-22.5078,-23.1254,-23.1798,-22.6335,-22.3600,-23.0335
