Frequency_Hz,Ratio_Mean,Ratio_Std,Ratio_Mean_dB,Phase_Mean_deg,Phase_Std_deg,Time_Delay_Mean_ms,Ratio_run7,Ratio_run8,Ratio_run9,Ratio_run10,Ratio_run11,Ratio_run12,Ratio_run13,Phase_run7,Phase_run8,Phase_run9,Phase_run10,Phase_run11,Phase_run12,Phase_run13
0.5000,1.0090,0.0178,0.0776,-2.3885,0.3372,13.2696,1.0072,1.0304,1.0298,1.0170,0.9832,0.9985,0.9966,-2.4691,-1.7148,-2.2417,-2.3722,-2.5623,-2.6731,-2.6865
1.0000,1.0078,0.0165,0.0677,-5.1685,0.2388,14.3570,1.0056,1.0254,1.0259,1.0205,0.9846,0.9931,0.9997,-5.2628,-4.7510,-4.9738,-5.1212,-5.2770,-5.4345,-5.3593
2.0000,1.0062,0.0149,0.0536,-10.7272,0.1814,14.8989,1.0003,1.0223,1.0212,1.0215,0.9888,0.9943,0.9948,-10.8778,-10.4360,-10.6036,-10.6042,-10.7916,-10.8468,-10.9302
3.0000,1.0057,0.0171,0.0498,-16.2951,0.2234,15.0881,0.9912,1.0261,1.0219,1.0237,0.9901,0.9922,0.9950,-16.5507,-15.9268,-16.1778,-16.1230,-16.4092,-16.4197,-16.4584
4.0000,1.0061,0.0167,0.0525,-21.7621,0.1865,15.1126,0.9934,1.0252,1.0232,1.0230,0.9885,0.9937,0.9956,-22.0789,-21.4780,-21.6850,-21.7176,-21.8980,-21.7333,-21.7438
5.0000,1.0026,0.0201,0.0227,-27.1180,0.2126,15.0655,0.9902,1.0253,1.0257,1.0208,0.9836,0.9855,0.9873,-27.5028,-26.9958,-27.0250,-26.8540,-27.2367,-27.1934,-27.0180
6.0000,1.0006,0.0265,0.0051,-32.4962,0.2270,15.0445,0.9786,1.0310,1.0276,1.0279,0.9767,0.9799,0.9824,-32.4573,-32.1345,-32.5072,-32.4946,-32.3392,-32.7399,-32.8005
8.0000,0.9965,0.0356,-0.0303,-43.2162,0.4882,15.0056,0.9724,1.0391,1.0349,1.0286,0.9660,0.9620,0.9726,-43.7696,-42.3966,-42.7956,-43.1081,-43.4014,-43.3739,-43.6680
10.0000,0.9899,0.0478,-0.0879,-54.1583,0.5096,15.0440,0.9529,1.0464,1.0382,1.0373,0.9426,0.9550,0.9572,-54.4528,-53.4024,-54.0134,-53.6060,-54.3749,-54.8331,-54.4254
