Frequency_Hz,Ratio_Mean,Ratio_Std,Ratio_Mean_dB,Phase_Mean_deg,Phase_Std_deg,Time_Delay_Mean_ms,Ratio_run17,Ratio_run18,Ratio_run19,Phase_run17,Phase_run18,Phase_run19
0.5000,1.0008,0.0124,0.0069,-2.7045,0.0655,15.0250,0.9867,1.0101,1.0056,-2.6290,-2.7374,-2.7471
1.0000,1.0006,0.0102,0.0054,-5.4546,0.0888,15.1516,0.9893,1.0035,1.0091,-5.4304,-5.3804,-5.5530
2.0000,1.0020,0.0058,0.0169,-10.9548,0.2132,15.2150,0.9957,1.0029,1.0072,-10.9395,-10.7496,-11.1752
3.0000,1.0052,0.0009,0.0454,-16.5834,0.0764,15.3550,1.0061,1.0054,1.0042,-16.6717,-16.5396,-16.5389
4.0000,1.0081,0.0036,0.0702,-21.8495,0.1182,15.1733,1.0119,1.0047,1.0077,-21.7173,-21.9453,-21.8859
5.0000,1.0089,0.0116,0.0773,-27.5590,0.6407,15.3105,1.0223,1.0013,1.0033,-28.2908,-27.0992,-27.2870
6.0000,1.0114,0.0146,0.0981,-33.4327,0.5484,15.4781,1.0281,1.0020,1.0040,-34.0660,-33.1141,-33.1181
8.0000,0.9985,0.0040,-0.0131,-43.9039,0.4257,15.2444,1.0028,0.9978,0.9948,-44.1477,-44.1516,-43.4124
10.0000,0.9878,0.0071,-0.1064,-54.4644,0.9338,15.1290,0.9798,0.9909,0.9929,-54.3820,-55.4367,-53.5746
