Time,L1,L2,L3,L4,L5,L6,L7,L8,L9,L10,L11,L12,L13,L14,L15,L16,L17,L18,R1,R2,R3,R4,R5,R6,R7,R8,R9,R10,R11,R12,R13,R14,R15,R16,R17,R18
2026-06-29 22:14:56.708,0,0,0,0,0,0,0,0,0,0,0,0,0,0,0,0,0,0,0,0,0,0,0,0,0,0,0,0,0,0,0,0,0,0,0,0
2026-06-29 22:14:56.715,0,0,0,0,0,0,0,0,0,0,0,0,0,0,0,0,0,0,0,0,0,0,0,0,0,0,0,0,0,0,0,0,0,0,0,0
2026-06-29 22:14:56.716,0,0,0,0,0,0,0,0,0,0,0,0,0,0,0,0,0,0,0,0,0,0,0,0,0,0,0,0,0,0,0,0,0,0,0,0
2026-06-29 22:14:56.720,0,0,0,0,0,0,0,0,0,0,0,0,0,0,0,0,0,0,0,0,0,0,0,0,0,0,0,0,0,0,0,0,0,0,0,0
2026-06-29 22:14:56.816,0,0,0,0,0,0,0,0,0,0,0,0,0,0,0,0,0,0,0,0,0,0,0,0,0,0,0,0,0,0,0,0,0,0,0,0
2026-06-29 22:14:56.821,0,0,0,0,0,0,0,0,0,0,0,0,0,0,0,0,0,0,0,0,0,0,0,0,0,0,0,0,0,0,0,0,0,0,0,0
2026-06-29 22:14:56.823,0,0,0,0,0,0,0,0,0,0,0,0,0,0,0,0,0,0,0,0,0,0,0,0,0,0,0,0,0,0,0,0,0,0,0,0
2026-06-29 22:14:56.922,0,0,0,0,0,0,0,0,0,0,0,0,0,0,0,0,0,0,0,0,0,0,0,0,0,0,0,0,0,0,0,0,0,0,0,0
2026-06-29 22:14:56.932,0,0,0,0,0,0,0,0,0,0,0,0,0,0,0,0,0,0,0,0,0,0,0,0,0,0,0,0,0,0,0,0,0,0,0,0
2026-06-29 22:14:57.032,0,0,0,0,0,0,0,0,0,0,0,0,0,0,0,0,0,0,0,0,0,0,0,0,0,0,0,0,0,0,0,0,0,0,0,0
2026-06-29 22:14:57.039,0,0,0,0,0,0,0,0,0,0,0,0,0,0,0,0,0,0,0,0,0,0,0,0,0,0,0,0,0,0,0,0,0,0,0,0
2026-06-29 22:14:57.045,0,0,0,0,0,0,0,0,0,0,0,0,0,0,0,0,0,0,0,0,0,0,0,0,0,0,0,0,0,0,0,0,0,0,0,0
2026-06-29 22:14:57.142,0,0,0,0,0,0,0,0,0,0,0,0,0,0,0,0,0,0,0,0,0,0,0,0,0,0,0,0,0,0,0,0,0,0,0,0
2026-06-29 22:14:57.148,0,0,0,0,0,0,0,0,0,0,0,0,0,0,0,0,0,0,0,0,0,0,0,0,0,0,0,0,0,0,0,0,0,0,0,0
2026-06-29 22:14:57.249,0,0,0,0,0,0,0,0,0,0,0,0,0,0,0,0,0,0,0,0,0,0,0,0,0,0,0,0,0,0,0,0,0,0,0,0
2026-06-29 22:14:57.258,0,0,0,0,0,0,0,0,0,0,0,0,0,0,0,0,0,0,0,0,0,0,0,0,0,0,0,0,0,0,0,0,0,0,0,0
2026-06-29 22:14:57.262,0,0,0,0,0,0,0,0,0,0,0,0,0,0,0,0,0,0,0,0,0,0,0,0,0,0,0,0,0,0,0,0,0,0,0,0
2026-06-29 22:14:57.358,0,0,0,0,0,0,0,0,0,0,0,0,0,0,0,0,0,0,0,0,0,0,0,0,0,0,0,0,0,0,0,0,0,0,0,0
2026-06-29 22:14:57.366,0,0,0,0,0,0,0,0,0,0,0,0,0,0,0,0,0,0,0,0,0,0,0,0,0,0,0,0,0,0,0,0,0,0,0,0
2026-06-29 22:14:57.465,0,0,0,0,0,0,0,0,0,0,0,0,0,0,0,0,0,0,0,0,0,0,0,0,0,0,0,0,0,0,0,0,0,0,0,0
2026-06-29 22:14:57.477,0,0,0,0,0,0,0,0,0,0,0,0,0,0,0,0,0,0,0,0,0,0,0,0,0,0,0,0,0,0,0,0,0,0,0,0
2026-06-29 22:14:57.478,0,0,0,0,0,0,0,0,0,0,0,0,0,0,0,0,0,0,0,0,0,0,0,0,0,0,0,0,0,0,0,0,0,0,0,0
2026-06-29 22:14:57.574,0,0,0,0,0,0,0,0,0,0,0,0,0,0,0,0,0,0,0,0,0,0,0,0,0,0,0,0,0,0,0,0,0,0,0,0
2026-06-29 22:14:57.580,0,0,0,0,0,0,0,0,0,0,0,0,0,0,0,0,0,0,0,0,0,0,0,0,0,0,0,0,0,0,0,0,0,0,0,0
2026-06-29 22:14:57.682,0,0,0,0,0,0,0,0,0,0,0,0,0,0,0,0,0,0,0,0,0,0,0,0,0,0,0,0,0,0,0,0,0,0,0,0
2026-06-29 22:14:57.687,0,0,0,0,0,0,0,0,0,0,0,0,0,0,0,0,0,0,0,0,0,0,0,0,0,0,0,0,0,0,0,0,0,0,0,0
2026-06-29 22:14:57.688,0,0,0,0,0,0,0,0,0,0,0,0,0,0,0,0,0,0,0,0,0,0,0,0,0,0,0,0,0,0,0,0,0,0,0,0
2026-06-29 22:14:57.787,0,0,0,0,0,0,0,0,0,0,0,0,0,0,0,0,0,0,0,0,0,0,0,0,0,0,0,0,0,0,0,0,0,0,0,0
2026-06-29 22:14:57.790,0,0,0,0,0,0,0,0,0,0,0,0,0,0,0,0,0,0,0,0,0,0,0,0,0,0,0,0,0,0,0,0,0,0,0,0
2026-06-29 22:14:57.791,0,0,0,0,0,0,0,0,0,0,0,0,0,0,0,0,0,0,0,0,0,0,0,0,0,0,0,0,0,0,0,0,0,0,0,0
2026-06-29 22:14:57.793,0,0,0,0,0,0,0,0,0,0,0,0,0,0,0,0,0,0,0,0,0,0,0,0,0,0,0,0,0,0,0,0,0,0,0,0
2026-06-29 22:14:57.892,0,0,0,0,0,0,0,0,0,0,0,0,0,0,0,0,0,0,0,0,0,0,0,0,0,0,0,0,0,0,0,0,0,0,0,0
2026-06-29 22:14:57.898,0,0,0,0,0,0,0,0,0,0,0,0,0,0,0,0,0,0,0,0,0,0,0,0,0,0,0,0,0,0,0,0,0,0,0,0
2026-06-29 22:14:57.997,0,0,0,0,0,0,0,0,0,0,0,0,0,0,0,0,0,0,0,0,0,0,0,0,0,0,0,0,0,0,0,0,0,0,0,0
2026-06-29 22:14:58.001,0,0,0,0,0,0,0,0,0,0,0,0,0,0,0,0,0,0,0,0,0,0,0,0,0,0,0,0,0,0,0,0,0,0,0,0
2026-06-29 22:14:58.005,0,0,0,0,0,0,0,0,0,0,0,0,0,0,0,0,0,0,0,0,0,0,0,0,0,0,0,0,0,0,0,0,0,0,0,0
2026-06-29 22:14:58.006,0,0,0,0,0,0,0,0,0,0,0,0,0,0,0,0,0,0,0,0,0,0,0,0,0,0,0,0,0,0,0,0,0,0,0,0
2026-06-29 22:14:58.011,0,0,0,0,0,0,0,0,0,0,0,0,0,0,0,0,0,0,0,0,0,0,0,0,0,0,0,0,0,0,0,0,0,0,0,0
2026-06-29 22:14:58.013,0,0,0,0,0,0,0,0,0,0,0,0,0,0,0,0,0,0,0,0,0,0,0,0,0,0,0,0,0,0,0,0,0,0,0,0
2026-06-29 22:14:58.110,0,0,0,0,0,0,0,0,0,0,0,0,0,0,0,0,0,0,0,0,0,0,0,0,0,0,0,0,0,0,0,0,0,0,0,0
2026-06-29 22:14:58.116,0,0,0,0,0,0,0,0,0,0,0,0,0,0,0,0,0,0,0,0,0,0,0,0,0,0,0,0,0,0,0,0,0,0,0,0
2026-06-29 22:14:58.215,0,0,0,0,0,0,0,0,0,0,0,0,0,0,0,0,0,0,0,0,0,0,0,0,0,0,0,0,0,0,0,0,0,0,0,0
2026-06-29 22:14:58.218,0,0,0,0,0,0,0,0,0,0,0,0,0,0,0,0,0,0,0,0,0,0,0,0,0,0,0,0,0,0,0,0,0,0,0,0
2026-06-29 22:14:58.318,0,0,0,0,0,0,0,0,0,0,0,0,0,0,0,0,0,0,0,0,0,0,0,0,0,0,0,0,0,0,0,0,0,0,0,0
2026-06-29 22:14:58.321,0,0,0,0,0,0,0,0,0,0,0,0,0,0,0,0,0,0,0,0,0,0,0,0,0,0,0,0,0,0,0,0,0,0,0,0
2026-06-29 22:14:58.322,0,0,0,0,0,0,0,0,0,0,0,0,0,0,0,0,0,0,0,0,0,0,0,0,0,0,0,0,0,0,0,0,0,0,0,0
2026-06-29 22:14:58.323,0,0,0,0,0,0,0,0,0,0,0,0,0,0,0,0,0,0,0,0,0,0,0,0,0,0,0,0,0,0,0,0,0,0,0,0
2026-06-29 22:14:58.327,0,0,0,0,0,0,0,0,0,0,0,0,0,0,0,0,0,0,0,0,0,0,0,0,0,0,0,0,0,0,0,0,0,0,0,0
2026-06-29 22:14:58.422,0,0,0,0,0,0,0,0,0,0,0,0,0,0,0,0,0,0,0,0,0,0,0,0,0,0,0,0,0,0,0,0,0,0,0,0
2026-06-29 22:14:58.425,0,0,0,0,0,0,0,0,0,0,0,0,0,0,0,0,0,0,0,0,0,0,0,0,0,0,0,0,0,0,0,0,0,0,0,0
2026-06-29 22:14:58.426,0,0,0,0,0,0,0,0,0,0,0,0,0,0,0,0,0,0,0,0,0,0,0,0,0,0,0,0,0,0,0,0,0,0,0,0
2026-06-29 22:14:58.427,0,0,0,0,0,0,0,0,0,0,0,0,0,0,0,0,0,0,0,0,0,0,0,0,0,0,0,0,0,0,0,0,0,0,0,0
2026-06-29 22:14:58.529,0,0,0,0,0,0,0,0,0,0,0,0,0,0,0,0,0,0,0,0,0,0,0,0,0,0,0,0,0,0,0,0,0,0,0,0
2026-06-29 22:14:58.535,0,0,0,0,0,0,0,0,0,0,0,0,0,0,0,0,0,0,0,0,0,0,0,0,0,0,0,0,0,0,0,0,0,0,0,0
2026-06-29 22:14:58.635,0,0,0,0,0,0,0,0,0,0,0,0,0,0,0,0,0,0,0,0,0,0,0,0,0,0,0,0,0,0,0,0,0,0,0,0
2026-06-29 22:14:58.644,0,0,0,0,0,0,0,0,0,0,0,0,0,0,0,0,0,0,0,0,0,0,0,0,0,0,0,0,0,0,0,0,0,0,0,0
2026-06-29 22:14:58.650,0,0,0,0,0,0,0,0,0,0,0,0,0,0,0,0,0,0,0,0,0,0,0,0,0,0,0,0,0,0,0,0,0,0,0,0
2026-06-29 22:14:58.749,0,0,0,0,0,0,0,0,0,0,0,0,0,0,0,0,0,0,0,0,0,0,0,0,0,0,0,0,0,0,0,0,0,0,0,0
2026-06-29 22:14:58.753,0,0,0,0,0,0,0,0,0,0,0,0,0,0,0,0,0,0,0,0,0,0,0,0,0,0,0,0,0,0,0,0,0,0,0,0
2026-06-29 22:14:58.754,0,0,0,0,0,0,0,0,0,0,0,0,0,0,0,0,0,0,0,0,0,0,0,0,0,0,0,0,0,0,0,0,0,0,0,0
2026-06-29 22:14:58.854,0,0,0,0,0,0,0,0,0,0,0,0,0,0,0,0,0,0,0,0,0,0,0,0,0,0,0,0,0,0,0,0,0,0,0,0
2026-06-29 22:14:58.860,0,0,0,0,0,0,0,0,0,0,0,0,0,0,0,0,0,0,0,0,422,0,0,0,0,0,0,0,0,0,0,0,0,0,0,0
2026-06-29 22:14:58.962,0,0,1046,0,0,0,0,0,1345,0,0,0,0,0,0,0,0,0,0,0,0,0,0,0,0,0,0,0,0,0,0,0,0,0,0,0
2026-06-29 22:14:58.971,0,0,1046,0,0,0,0,0,1345,0,0,0,0,0,0,0,0,0,0,0,2368,0,0,0,0,0,0,0,0,0,0,0,0,0,0,0
2026-06-29 22:14:59.068,0,0,0,0,0,0,0,0,0,0,0,0,0,0,0,0,0,0,0,0,4166,744,0,0,0,0,0,0,0,0,0,0,0,0,0,0
2026-06-29 22:14:59.077,0,0,7536,1058,0,0,0,0,6006,284,0,0,0,0,0,0,0,0,0,0,4166,744,0,0,0,0,0,0,0,0,0,0,0,0,0,0
2026-06-29 22:14:59.081,0,0,7536,1058,0,0,0,0,6006,284,0,0,0,0,0,0,0,0,0,0,5811,1688,0,0,0,0,0,0,0,0,0,0,0,0,0,0
2026-06-29 22:14:59.177,0,0,0,0,0,0,0,0,0,0,0,0,0,0,0,0,0,0,0,0,6138,1927,0,0,0,0,0,0,0,0,0,0,0,0,0,0
2026-06-29 22:14:59.187,0,0,8879,1430,0,0,0,0,6836,630,0,0,0,0,0,0,0,0,0,0,6138,1927,0,0,0,0,0,0,0,0,0,0,0,0,0,0
2026-06-29 22:14:59.285,0,0,0,0,0,0,0,0,0,0,0,0,0,0,0,0,0,0,0,0,5842,1759,0,0,0,0,0,0,0,0,0,0,0,0,0,0
2026-06-29 22:14:59.290,0,0,9248,1462,0,0,0,0,7192,866,0,0,0,0,0,0,0,0,0,0,5842,1759,0,0,0,0,0,0,0,0,0,0,0,0,0,0
2026-06-29 22:14:59.291,0,0,9248,1462,0,0,0,0,7192,866,0,0,0,0,0,0,0,0,0,0,5762,1725,0,0,0,0,0,0,0,0,0,0,0,0,0,0
2026-06-29 22:14:59.390,0,0,9485,1538,0,0,0,0,7232,834,0,0,0,0,0,0,0,0,0,0,0,0,0,0,0,0,0,0,0,0,0,0,0,0,0,0
2026-06-29 22:14:59.398,0,0,9485,1538,0,0,0,0,7232,834,0,0,0,0,0,0,0,0,0,0,5916,1784,0,0,0,0,0,0,0,0,0,0,0,0,0,0
2026-06-29 22:14:59.500,0,0,0,0,0,0,0,0,0,0,0,0,0,0,0,0,0,0,0,0,6079,2051,0,0,0,0,0,0,0,0,0,0,0,0,0,0
2026-06-29 22:14:59.511,0,0,9235,1551,0,0,0,0,7156,766,0,0,0,0,0,0,0,0,0,0,6079,2051,0,0,0,0,0,0,0,0,0,0,0,0,0,0
2026-06-29 22:14:59.609,0,0,0,0,0,0,0,0,0,0,0,0,0,0,0,0,0,0,0,0,4440,1287,0,0,0,0,0,0,0,0,242,0,0,0,0,0
2026-06-29 22:14:59.618,0,0,9320,1558,0,0,0,0,7949,1324,0,0,0,0,0,0,0,0,0,0,4440,1287,0,0,0,0,0,0,0,0,242,0,0,0,0,0
2026-06-29 22:14:59.623,0,0,9320,1558,0,0,0,0,7949,1324,0,0,0,0,0,0,0,0,0,0,3020,523,0,0,141,0,0,0,0,0,706,0,0,0,0,0
2026-06-29 22:14:59.716,0,0,0,0,0,0,0,0,0,0,0,0,0,0,0,0,0,0,0,0,448,0,0,0,260,0,0,0,0,0,1090,0,0,0,0,0
2026-06-29 22:14:59.729,0,0,10782,2145,0,0,0,0,10295,2520,0,0,0,0,0,0,0,0,0,0,448,0,0,0,260,0,0,0,0,0,1090,0,0,0,0,0
2026-06-29 22:14:59.822,0,0,10507,2250,0,0,0,0,11173,3219,0,0,0,0,0,0,0,0,0,0,0,0,0,0,0,0,0,0,0,0,0,0,0,0,0,0
2026-06-29 22:14:59.827,0,0,10507,2250,0,0,0,0,11173,3219,0,0,0,0,0,0,0,0,0,0,0,0,0,0,0,0,0,0,0,0,835,0,0,0,0,0
2026-06-29 22:14:59.828,0,0,10498,2279,0,0,0,0,11584,3469,0,0,0,0,0,0,0,0,0,0,0,0,0,0,0,0,0,0,0,0,835,0,0,0,0,0
2026-06-29 22:14:59.829,0,0,10498,2279,0,0,0,0,11584,3469,0,0,0,0,0,0,0,0,0,0,0,0,0,0,0,0,0,0,0,0,403,0,0,0,0,0
2026-06-29 22:14:59.834,0,0,10498,2279,0,0,0,0,11584,3469,0,0,0,0,0,0,0,0,0,0,0,0,0,0,0,0,0,0,0,0,245,0,0,0,0,0
2026-06-29 22:14:59.930,0,0,10019,2079,0,0,0,0,11450,3530,0,0,0,0,0,0,0,0,0,0,0,0,0,0,0,0,0,0,0,0,0,0,0,0,0,0
2026-06-29 22:14:59.936,0,0,10019,2079,0,0,0,0,11450,3530,0,0,0,0,0,0,0,0,0,0,1103,0,0,0,0,0,0,0,0,0,16,0,0,0,0,0
2026-06-29 22:14:59.938,0,0,9233,1848,0,0,89,0,10740,3453,0,0,0,0,0,0,0,0,0,0,1103,0,0,0,0,0,0,0,0,0,16,0,0,0,0,0
2026-06-29 22:15:00.036,0,0,8541,1533,0,0,0,0,10038,3166,0,0,2,0,0,0,0,0,0,0,0,0,0,0,0,0,0,0,0,0,0,0,0,0,0,0
2026-06-29 22:15:00.041,0,0,8541,1533,0,0,0,0,10038,3166,0,0,2,0,0,0,0,0,0,0,3551,124,0,0,0,0,0,0,0,0,0,0,0,0,0,0
2026-06-29 22:15:00.142,0,0,0,0,0,0,0,0,0,0,0,0,0,0,0,0,0,0,0,0,3827,301,0,0,0,0,0,0,0,0,0,0,0,0,0,0
2026-06-29 22:15:00.152,0,0,7919,1384,0,0,95,0,9796,3089,0,0,145,0,0,0,0,0,0,0,3827,301,0,0,0,0,0,0,0,0,0,0,0,0,0,0
2026-06-29 22:15:00.157,0,0,7919,1384,0,0,95,0,9796,3089,0,0,145,0,0,0,0,0,0,0,4208,488,0,0,0,0,214,0,0,0,0,0,0,0,0,0
2026-06-29 22:15:00.251,0,0,0,0,0,0,0,0,0,0,0,0,0,0,0,0,0,0,0,0,4274,581,0,0,0,0,262,0,0,0,0,0,0,0,0,0
2026-06-29 22:15:00.256,0,0,0,0,0,0,0,0,0,0,0,0,0,0,0,0,0,0,0,0,4312,581,0,0,0,0,267,0,0,0,0,0,0,0,0,0
2026-06-29 22:15:00.355,0,0,6902,1157,0,0,650,0,8464,2377,0,0,326,0,0,0,0,0,0,0,0,0,0,0,0,0,0,0,0,0,0,0,0,0,0,0
2026-06-29 22:15:00.359,0,0,6902,1157,0,0,650,0,8464,2377,0,0,326,0,0,0,0,0,0,0,4652,843,0,0,0,0,504,0,0,0,358,0,0,0,0,0
2026-06-29 22:15:00.360,0,0,6627,949,0,0,665,0,8073,2307,0,0,402,0,0,0,0,0,0,0,4652,843,0,0,0,0,504,0,0,0,358,0,0,0,0,0
2026-06-29 22:15:00.365,0,0,6627,949,0,0,665,0,8073,2307,0,0,402,0,0,0,0,0,0,0,4982,1000,0,0,0,0,827,0,0,0,485,0,0,0,0,0
2026-06-29 22:15:00.459,0,0,6239,773,0,0,504,0,7518,1918,0,0,218,0,0,0,0,0,0,0,0,0,0,0,0,0,0,0,0,0,0,0,0,0,0,0
2026-06-29 22:15:00.464,0,0,6239,773,0,0,504,0,7518,1918,0,0,218,0,0,0,0,0,0,0,5722,1529,0,0,36,0,1439,0,0,0,665,0,0,0,0,0
2026-06-29 22:15:00.566,0,0,0,0,0,0,0,0,0,0,0,0,0,0,0,0,0,0,0,0,6839,2191,0,0,0,0,2257,0,0,0,794,0,0,0,0,0
2026-06-29 22:15:00.576,0,0,4035,0,0,0,0,0,5181,569,0,0,0,0,0,0,0,0,0,0,6839,2191,0,0,0,0,2257,0,0,0,794,0,0,0,0,0
2026-06-29 22:15:00.675,0,0,0,0,0,0,0,0,0,0,0,0,0,0,0,0,0,0,0,0,8537,3055,0,0,0,0,3572,0,0,0,1115,0,0,0,234,0
2026-06-29 22:15:00.686,0,0,0,0,0,0,0,0,0,0,0,0,0,0,0,0,0,0,0,0,9629,3526,0,0,280,0,4451,433,0,0,1406,0,0,0,294,0
2026-06-29 22:15:00.783,0,0,0,0,0,0,0,0,0,0,0,0,0,0,0,0,0,0,0,0,10663,4028,0,0,725,0,5829,1165,0,0,1438,0,0,0,99,0
2026-06-29 22:15:00.788,0,0,0,0,0,0,0,0,0,0,0,0,0,0,0,0,0,0,0,0,10663,4028,0,0,725,0,5829,1165,0,0,1438,0,0,0,99,0
2026-06-29 22:15:00.888,0,0,0,0,0,0,0,0,0,0,0,0,0,0,0,0,0,0,0,0,0,0,0,0,0,0,0,0,0,0,0,0,0,0,0,0
2026-06-29 22:15:00.895,0,0,0,0,0,0,0,0,0,0,0,0,0,0,0,0,0,0,0,0,11505,4376,0,0,905,0,6763,1517,0,0,1200,0,0,0,0,0
2026-06-29 22:15:00.900,0,0,0,0,0,0,0,0,0,0,0,0,0,0,0,0,0,0,0,0,11908,4377,0,0,994,0,6871,1559,0,0,1108,0,0,0,0,0
2026-06-29 22:15:00.996,0,0,0,0,0,0,0,0,0,0,0,0,0,0,0,0,0,0,0,0,0,0,0,0,0,0,0,0,0,0,0,0,0,0,0,0
2026-06-29 22:15:01.009,0,0,0,0,0,0,0,0,0,0,0,0,0,0,0,0,0,0,0,0,0,0,0,0,0,0,0,0,0,0,0,0,0,0,0,0
2026-06-29 22:15:01.108,0,0,0,0,0,0,0,0,0,0,0,0,0,0,0,0,0,0,2146,0,10078,3421,0,0,2166,0,4508,263,0,0,1299,0,0,0,0,0
2026-06-29 22:15:01.116,0,0,544,0,0,0,0,0,1573,0,0,0,0,0,0,0,0,0,2146,0,10078,3421,0,0,2166,0,4508,263,0,0,1299,0,0,0,0,0
2026-06-29 22:15:01.117,0,0,4912,541,0,0,0,0,5757,926,0,0,0,0,0,0,0,0,2711,0,8182,2291,0,0,2096,0,2842,0,0,0,669,0,0,0,0,0
2026-06-29 22:15:01.216,0,0,0,0,0,0,0,0,0,0,0,0,0,0,0,0,0,0,2802,0,4013,3,0,0,1030,0,0,0,0,0,0,0,0,0,0,0
2026-06-29 22:15:01.222,0,0,8861,2772,0,0,0,0,9758,3267,0,0,0,0,0,0,0,0,2802,0,4013,3,0,0,1030,0,0,0,0,0,0,0,0,0,0,0
2026-06-29 22:15:01.319,0,0,0,0,0,0,0,0,0,0,0,0,0,0,0,0,0,0,0,0,0,0,0,0,0,0,0,0,0,0,0,0,0,0,0,0
2026-06-29 22:15:01.325,0,0,12854,4574,0,0,486,0,14371,5980,0,0,887,0,0,0,0,0,0,0,0,0,0,0,0,0,0,0,0,0,0,0,0,0,0,0
2026-06-29 22:15:01.326,0,0,11936,4062,0,0,437,0,13598,5870,0,0,849,0,0,0,0,0,0,0,0,0,0,0,0,0,0,0,0,0,0,0,0,0,0,0
2026-06-29 22:15:01.327,0,0,11936,4062,0,0,437,0,13598,5870,0,0,849,0,0,0,0,0,0,0,0,0,0,0,0,0,0,0,0,0,0,0,0,0,0,0
2026-06-29 22:15:01.424,0,0,11451,3714,0,0,268,0,13040,5743,0,0,975,0,0,0,0,0,0,0,0,0,0,0,0,0,0,0,0,0,0,0,0,0,0,0
2026-06-29 22:15:01.431,0,0,11451,3714,0,0,268,0,13040,5743,0,0,975,0,0,0,0,0,0,0,0,0,0,0,0,0,0,0,0,0,0,0,0,0,0,0
2026-06-29 22:15:01.436,0,0,11451,3714,0,0,268,0,13040,5743,0,0,975,0,0,0,0,0,0,0,0,0,0,0,0,0,0,0,0,0,0,0,0,0,0,0
2026-06-29 22:15:01.532,0,0,0,0,0,0,0,0,0,0,0,0,0,0,0,0,0,0,0,0,0,0,0,0,0,0,0,0,0,0,0,0,0,0,0,0
2026-06-29 22:15:01.539,0,0,10338,3293,0,0,190,0,12420,6145,0,0,1581,0,791,0,459,0,0,0,0,0,0,0,0,0,0,0,0,0,0,0,0,0,0,0
2026-06-29 22:15:01.640,0,0,0,0,0,0,0,0,0,0,0,0,0,0,0,0,0,0,0,0,0,0,0,0,0,0,0,0,0,0,0,0,0,0,0,0
2026-06-29 22:15:01.648,0,0,7567,2495,0,0,775,0,9892,5816,0,0,3220,0,2813,1597,2333,0,0,0,0,0,0,0,0,0,0,0,0,0,0,0,0,0,0,0
2026-06-29 22:15:01.649,0,0,7567,2495,0,0,775,0,9892,5816,0,0,3220,0,2813,1597,2333,0,0,0,0,0,0,0,0,0,0,0,0,0,0,0,0,0,0,0
2026-06-29 22:15:01.745,0,0,0,0,0,0,0,0,0,0,0,0,0,0,0,0,0,0,0,0,0,0,0,0,0,0,0,0,0,0,0,0,0,0,0,0
2026-06-29 22:15:01.754,0,0,4464,1560,0,0,2045,0,6274,4143,0,441,5194,0,3858,2991,4034,0,0,0,0,0,0,0,0,0,0,0,0,0,0,0,0,0,0,0
2026-06-29 22:15:01.755,0,0,2300,593,0,0,3073,0,4224,2655,0,1086,6702,0,4132,3656,5098,0,0,0,0,0,0,0,0,0,0,0,0,0,0,0,0,0,0,0
2026-06-29 22:15:01.851,0,0,890,0,0,0,3779,0,2734,1628,0,1526,7975,0,4041,4069,5971,0,0,0,0,0,0,0,0,0,0,0,0,0,0,0,0,0,0,0
2026-06-29 22:15:01.856,0,0,0,0,0,0,4886,0,1184,85,0,1908,9681,0,3199,4270,7181,0,0,0,0,0,0,0,0,0,0,0,0,0,0,0,0,0,0,0
2026-06-29 22:15:01.958,0,0,0,0,0,0,0,0,0,0,0,0,0,0,0,0,0,0,0,0,0,0,0,0,0,0,0,0,0,0,0,0,0,0,0,0
2026-06-29 22:15:01.964,0,0,0,0,0,0,0,0,0,0,0,0,0,0,0,0,0,0,0,0,0,0,0,0,0,0,0,0,0,0,0,0,0,0,0,0
2026-06-29 22:15:01.967,0,0,0,0,0,0,0,0,0,0,0,0,0,0,0,0,0,0,0,0,4015,173,0,0,0,0,1828,0,0,0,0,0,0,0,0,0
2026-06-29 22:15:01.972,0,0,0,0,0,0,5372,0,49,0,0,967,10994,0,793,3313,8299,0,0,0,4015,173,0,0,0,0,1828,0,0,0,0,0,0,0,0,0
2026-06-29 22:15:02.065,0,0,0,0,0,0,0,0,0,0,0,0,0,0,0,0,0,0,0,0,5912,2336,0,0,0,0,2744,380,0,0,0,0,0,0,0,0
2026-06-29 22:15:02.077,0,0,0,0,0,0,3421,0,0,0,0,0,7799,0,0,0,4352,0,0,0,5912,2336,0,0,0,0,2744,380,0,0,0,0,0,0,0,0
2026-06-29 22:15:02.174,0,0,0,0,0,0,0,0,0,0,0,0,0,0,0,0,0,0,0,0,8485,4416,0,0,72,0,4697,1914,0,0,1402,0,0,0,225,0
2026-06-29 22:15:02.182,0,0,0,0,0,0,0,0,0,0,0,0,0,0,0,0,0,0,0,0,8485,4416,0,0,72,0,4697,1914,0,0,1402,0,0,0,225,0
2026-06-29 22:15:02.188,0,0,0,0,0,0,0,0,0,0,0,0,0,0,0,0,0,0,0,0,7612,4735,0,0,1675,0,4390,2705,821,240,3582,0,1843,674,1830,0
2026-06-29 22:15:02.280,0,0,0,0,0,0,0,0,0,0,0,0,0,0,0,0,0,0,0,0,5684,3646,0,0,2274,0,3190,2511,1398,1354,4824,0,2911,2139,2911,0
2026-06-29 22:15:02.287,0,0,0,0,0,0,0,0,0,0,0,0,0,0,0,0,0,0,0,0,5684,3646,0,0,2274,0,3190,2511,1398,1354,4824,0,2911,2139,2911,0
2026-06-29 22:15:02.383,0,0,0,0,0,0,0,0,0,0,0,0,0,0,0,0,0,0,0,0,0,0,0,0,0,0,0,0,0,0,0,0,0,0,0,0
2026-06-29 22:15:02.385,0,0,0,0,0,0,0,0,0,0,0,0,0,0,0,0,0,0,0,0,0,0,0,0,0,0,0,0,0,0,0,0,0,0,0,0
2026-06-29 22:15:02.486,0,0,0,0,0,0,0,0,0,0,0,0,0,0,0,0,0,0,0,0,0,0,0,0,0,0,0,0,0,0,0,0,0,0,0,0
2026-06-29 22:15:02.490,0,0,0,0,0,0,0,0,0,0,0,0,0,0,0,0,0,0,0,0,4217,2915,0,0,2875,0,1855,2045,1752,2237,6260,0,3499,3170,4103,0
2026-06-29 22:15:02.493,0,0,0,0,0,0,0,0,0,0,0,0,0,0,0,0,0,0,0,0,3945,2657,0,0,3135,0,1468,1777,1733,2411,6709,0,3314,3150,4375,0
2026-06-29 22:15:02.497,0,0,0,0,0,0,0,0,0,0,0,0,0,0,0,0,0,0,0,0,3533,2323,0,0,3204,0,1009,1345,1550,2309,7006,0,2893,2920,4397,0
2026-06-29 22:15:02.498,0,0,0,0,0,0,0,0,0,0,0,0,0,0,0,0,0,0,339,0,2789,1586,0,0,3823,0,394,554,1224,2521,7811,0,2441,2796,4834,22
2026-06-29 22:15:02.598,0,0,0,0,0,0,0,0,0,0,0,0,0,0,0,0,0,0,1225,0,1258,226,0,0,5027,0,0,0,723,2965,9468,0,1916,3042,5783,525
2026-06-29 22:15:02.602,0,0,0,0,0,0,0,0,0,0,0,0,0,0,0,0,0,0,1697,0,0,0,0,0,5965,175,0,0,0,2734,11052,41,742,3030,6866,813
2026-06-29 22:15:02.603,0,0,0,0,0,0,0,0,0,0,0,0,0,0,0,0,0,0,1697,0,0,0,0,0,5965,175,0,0,0,2734,11052,41,742,3030,6866,813
2026-06-29 22:15:02.702,0,0,0,0,0,0,0,0,0,0,0,0,0,0,0,0,0,0,0,0,0,0,0,0,0,0,0,0,0,0,0,0,0,0,0,0
2026-06-29 22:15:02.706,0,0,0,0,0,0,0,0,0,0,0,0,0,0,0,0,0,0,0,0,0,0,0,0,0,0,0,0,0,0,0,0,0,0,0,0
2026-06-29 22:15:02.708,0,0,0,0,0,0,0,0,0,0,0,0,0,0,0,0,0,0,1593,0,0,0,0,0,6076,331,0,0,0,1612,11777,162,0,2502,7581,966
2026-06-29 22:15:02.808,0,0,693,0,0,0,0,0,1303,0,0,0,0,0,0,0,0,0,0,0,0,0,0,0,0,0,0,0,0,0,0,0,0,0,0,0
2026-06-29 22:15:02.811,0,0,693,0,0,0,0,0,1303,0,0,0,0,0,0,0,0,0,0,0,0,0,0,0,3040,32,0,0,0,0,7989,0,0,0,4030,0
2026-06-29 22:15:02.814,0,0,6251,2430,0,0,0,0,6567,2247,0,0,0,0,0,0,0,0,0,0,0,0,0,0,3040,32,0,0,0,0,7989,0,0,0,4030,0
2026-06-29 22:15:02.914,0,0,9125,4378,0,0,0,0,9074,3995,0,0,992,0,0,0,346,0,0,0,0,0,0,0,0,0,0,0,0,0,0,0,0,0,0,0
2026-06-29 22:15:02.918,0,0,9341,4929,0,0,1075,0,8871,4501,0,0,1995,0,72,0,667,0,0,0,0,0,0,0,0,0,0,0,0,0,0,0,0,0,0,0
2026-06-29 22:15:02.921,0,0,9341,4929,0,0,1075,0,8871,4501,0,0,1995,0,72,0,667,0,0,0,0,0,0,0,0,0,0,0,0,0,0,0,0,0,0,0
2026-06-29 22:15:03.019,0,0,0,0,0,0,0,0,0,0,0,0,0,0,0,0,0,0,0,0,0,0,0,0,0,0,0,0,0,0,0,0,0,0,0,0
2026-06-29 22:15:03.025,0,0,0,0,0,0,0,0,0,0,0,0,0,0,0,0,0,0,0,0,0,0,0,0,0,0,0,0,0,0,0,0,0,0,0,0
2026-06-29 22:15:03.030,0,0,0,0,0,0,0,0,0,0,0,0,0,0,0,0,0,0,0,0,0,0,0,0,0,0,0,0,0,0,0,0,0,0,0,0
2026-06-29 22:15:03.125,0,0,0,0,0,0,0,0,0,0,0,0,0,0,0,0,0,0,0,0,0,0,0,0,0,0,0,0,0,0,0,0,0,0,0,0
2026-06-29 22:15:03.129,484,0,2630,1345,0,0,4124,0,2410,1114,0,1607,5749,0,2122,2018,3215,0,0,0,0,0,0,0,0,0,0,0,0,0,0,0,0,0,0,0
2026-06-29 22:15:03.233,0,0,0,0,0,0,0,0,0,0,0,0,0,0,0,0,0,0,0,0,0,0,0,0,0,0,0,0,0,0,0,0,0,0,0,0
2026-06-29 22:15:03.239,116,0,279,0,0,0,4289,0,915,0,0,2358,7647,0,1972,3190,4950,0,0,0,0,0,0,0,0,0,0,0,0,0,0,0,0,0,0,0
2026-06-29 22:15:03.339,0,0,0,0,0,0,4152,0,612,0,0,2297,7946,0,1564,3160,5243,0,0,0,0,0,0,0,0,0,0,0,0,0,0,0,0,0,0,0
2026-06-29 22:15:03.350,0,0,0,0,0,0,4064,117,496,0,0,2341,7846,0,1338,3000,5050,0,0,0,0,0,0,0,0,0,0,0,0,0,0,0,0,0,0,0
2026-06-29 22:15:03.355,0,0,0,0,0,0,4064,117,496,0,0,2341,7846,0,1338,3000,5050,0,0,0,0,0,0,0,0,0,0,0,0,0,0,0,0,0,0,0
2026-06-29 22:15:03.444,0,0,0,0,0,0,2746,0,268,0,0,2300,7556,0,2374,3293,5433,0,0,0,0,0,0,0,0,0,0,0,0,0,0,0,0,0,0,0
2026-06-29 22:15:03.448,0,0,0,0,0,0,2746,0,268,0,0,2300,7556,0,2374,3293,5433,0,0,0,0,0,0,0,0,0,0,0,0,0,0,0,0,0,0,0
2026-06-29 22:15:03.548,0,0,0,0,0,0,0,0,0,0,0,0,0,0,0,0,0,0,0,0,0,0,0,0,0,0,0,0,0,0,0,0,0,0,0,0
2026-06-29 22:15:03.553,0,0,0,0,0,0,0,0,0,0,0,0,0,0,0,0,0,0,0,0,0,0,0,0,0,0,0,0,0,0,0,0,0,0,0,0
2026-06-29 22:15:03.554,0,0,0,0,0,0,0,0,0,0,0,0,0,0,0,0,0,0,0,0,0,0,0,0,0,0,0,0,0,0,0,0,0,0,0,0
2026-06-29 22:15:03.655,0,0,0,0,0,0,0,0,0,0,0,0,0,0,0,0,0,0,0,0,7329,1537,0,0,0,0,2256,0,0,0,0,0,0,0,0,0
2026-06-29 22:15:03.665,0,0,101,0,0,0,2251,0,396,0,0,2116,7528,0,3058,3452,5920,0,0,0,7329,1537,0,0,0,0,2256,0,0,0,0,0,0,0,0,0
2026-06-29 22:15:03.670,0,0,0,0,0,0,2603,11,217,0,0,2231,8175,0,3030,3787,6727,0,0,0,7329,1537,0,0,0,0,2256,0,0,0,0,0,0,0,0,0
2026-06-29 22:15:03.762,0,0,0,0,0,0,2285,0,0,0,0,0,4663,0,0,0,1391,0,0,0,0,0,0,0,0,0,0,0,0,0,0,0,0,0,0,0
2026-06-29 22:15:03.769,0,0,0,0,0,0,0,0,0,0,0,0,0,0,0,0,0,0,0,0,0,0,0,0,0,0,0,0,0,0,0,0,0,0,0,0
2026-06-29 22:15:03.772,0,0,0,0,0,0,0,0,0,0,0,0,0,0,0,0,0,0,0,0,10117,4994,0,0,0,0,4890,1353,0,0,0,0,0,0,0,0
2026-06-29 22:15:03.777,0,0,0,0,0,0,0,0,0,0,0,0,0,0,0,0,0,0,0,0,9102,4656,0,0,0,0,5527,2091,0,0,204,0,0,0,0,0
2026-06-29 22:15:03.778,0,0,0,0,0,0,0,0,0,0,0,0,0,0,0,0,0,0,0,0,8279,4432,0,0,0,0,6311,3210,0,0,123,0,1542,345,475,0
2026-06-29 22:15:03.876,0,0,0,0,0,0,0,0,0,0,0,0,0,0,0,0,0,0,0,0,8256,4387,0,0,0,0,7192,4013,0,0,49,0,2468,955,723,0
2026-06-29 22:15:03.982,0,0,0,0,0,0,0,0,0,0,0,0,0,0,0,0,0,0,0,0,0,0,0,0,0,0,0,0,0,0,0,0,0,0,0,0
2026-06-29 22:15:03.992,0,0,0,0,0,0,0,0,0,0,0,0,0,0,0,0,0,0,0,0,0,0,0,0,0,0,0,0,0,0,0,0,0,0,0,0
2026-06-29 22:15:04.089,0,0,0,0,0,0,0,0,0,0,0,0,0,0,0,0,0,0,0,0,8786,5116,0,0,0,0,8593,5712,657,0,952,0,4400,2224,2054,0
2026-06-29 22:15:04.192,0,0,0,0,0,0,0,0,0,0,0,0,0,0,0,0,0,0,0,0,0,0,0,0,0,0,0,0,0,0,0,0,0,0,0,0
2026-06-29 22:15:04.198,0,0,0,0,0,0,0,0,0,0,0,0,0,0,0,0,0,0,0,0,7966,5066,0,0,0,0,7455,5125,908,0,2556,0,4268,2493,2830,0
2026-06-29 22:15:04.202,0,0,0,0,0,0,0,0,0,0,0,0,0,0,0,0,0,0,0,0,7321,4868,0,0,0,0,6355,4458,1066,73,3525,0,4185,2655,3447,0
2026-06-29 22:15:04.298,0,0,0,0,0,0,0,0,0,0,0,0,0,0,0,0,0,0,0,0,5293,3706,0,0,1366,0,4329,3180,1118,868,5228,0,4335,3315,4604,425
2026-06-29 22:15:04.308,0,0,0,0,0,0,0,0,0,0,0,0,0,0,0,0,0,0,0,0,3133,2222,0,0,2658,0,2658,1772,917,1433,6980,0,4034,3671,5900,1354
2026-06-29 22:15:04.314,0,0,0,0,0,0,0,0,0,0,0,0,0,0,0,0,0,0,0,0,3133,2222,0,0,2658,0,2658,1772,917,1433,6980,0,4034,3671,5900,1354
2026-06-29 22:15:04.411,0,0,0,0,0,0,0,0,0,0,0,0,0,0,0,0,0,0,209,0,1127,0,0,0,3886,0,1781,152,0,1693,8962,299,2870,3746,7473,2410
2026-06-29 22:15:04.415,0,0,0,0,0,0,0,0,0,0,0,0,0,0,0,0,0,0,1012,0,75,0,0,0,4772,0,994,0,0,309,10513,766,0,1982,8356,3134
2026-06-29 22:15:04.416,0,0,0,0,0,0,0,0,0,0,0,0,0,0,0,0,0,0,1855,0,0,0,0,0,5078,523,168,0,0,0,9496,722,0,0,6161,2402
2026-06-29 22:15:04.514,0,0,0,0,0,0,0,0,0,0,0,0,0,0,0,0,0,0,0,0,0,0,0,0,0,0,0,0,0,0,0,0,0,0,0,0
2026-06-29 22:15:04.521,0,0,0,0,0,0,0,0,0,0,0,0,0,0,0,0,0,0,0,0,0,0,0,0,0,0,0,0,0,0,0,0,0,0,0,0
2026-06-29 22:15:04.622,0,0,4965,726,0,0,0,0,2278,0,0,0,0,0,0,0,0,0,0,0,0,0,0,0,0,0,0,0,0,0,0,0,0,0,0,0
2026-06-29 22:15:04.633,0,0,4965,726,0,0,0,0,2278,0,0,0,0,0,0,0,0,0,2087,0,0,0,0,0,3824,848,0,0,0,0,4963,0,0,0,2175,204
2026-06-29 22:15:04.639,0,0,12610,5848,0,0,64,0,6740,2116,0,0,707,0,0,0,0,0,0,0,0,0,0,0,0,0,0,0,0,0,0,0,0,0,0,0
2026-06-29 22:15:04.641,0,0,12399,5713,0,0,260,0,6665,2098,0,0,877,0,0,0,0,0,0,0,0,0,0,0,0,0,0,0,0,0,0,0,0,0,0,0
2026-06-29 22:15:04.739,0,0,0,0,0,0,0,0,0,0,0,0,0,0,0,0,0,0,0,0,0,0,0,0,0,0,0,0,0,0,0,0,0,0,0,0
2026-06-29 22:15:04.749,0,0,0,0,0,0,0,0,0,0,0,0,0,0,0,0,0,0,0,0,0,0,0,0,0,0,0,0,0,0,0,0,0,0,0,0
2026-06-29 22:15:04.848,0,0,0,0,0,0,0,0,0,0,0,0,0,0,0,0,0,0,0,0,0,0,0,0,0,0,0,0,0,0,0,0,0,0,0,0
2026-06-29 22:15:04.852,0,0,11617,5343,0,0,572,0,6040,1812,0,0,947,0,0,0,0,0,0,0,0,0,0,0,0,0,0,0,0,0,0,0,0,0,0,0
2026-06-29 22:15:04.857,0,0,10846,5149,0,0,836,0,5535,1689,0,0,1271,0,0,0,0,0,0,0,0,0,0,0,0,0,0,0,0,0,0,0,0,0,0,0
2026-06-29 22:15:04.859,0,0,10394,5040,0,0,1098,0,4790,1308,0,0,1592,0,0,0,35,0,0,0,0,0,0,0,0,0,0,0,0,0,0,0,0,0,0,0
2026-06-29 22:15:04.861,0,0,10394,5040,0,0,1098,0,4790,1308,0,0,1592,0,0,0,35,0,0,0,0,0,0,0,0,0,0,0,0,0,0,0,0,0,0,0
2026-06-29 22:15:04.956,0,0,0,0,0,0,0,0,0,0,0,0,0,0,0,0,0,0,0,0,0,0,0,0,0,0,0,0,0,0,0,0,0,0,0,0
2026-06-29 22:15:04.963,320,0,8962,4516,0,0,1620,0,3205,664,0,0,2219,0,0,0,194,0,0,0,0,0,0,0,0,0,0,0,0,0,0,0,0,0,0,0
2026-06-29 22:15:05.064,1016,0,6376,3118,0,0,2700,0,1203,50,0,0,3601,0,0,0,798,0,0,0,0,0,0,0,0,0,0,0,0,0,0,0,0,0,0,0
2026-06-29 22:15:05.068,2335,0,3085,890,0,0,4717,609,0,0,0,340,6076,0,0,0,1936,0,0,0,0,0,0,0,0,0,0,0,0,0,0,0,0,0,0,0
2026-06-29 22:15:05.072,3667,0,462,0,0,0,6654,1541,0,0,0,930,8537,131,0,0,3257,0,0,0,0,0,0,0,0,0,0,0,0,0,0,0,0,0,0,0
2026-06-29 22:15:05.171,0,0,0,0,0,0,0,0,0,0,0,0,0,0,0,0,0,0,0,0,0,0,0,0,0,0,0,0,0,0,0,0,0,0,0,0
2026-06-29 22:15:05.177,0,0,0,0,0,0,0,0,0,0,0,0,0,0,0,0,0,0,0,0,1374,0,0,0,0,0,594,0,0,0,0,0,0,0,0,0
2026-06-29 22:15:05.182,0,0,0,0,0,0,0,0,0,0,0,0,0,0,0,0,0,0,0,0,7852,4596,0,0,0,0,3653,2192,0,0,475,0,844,0,821,0
2026-06-29 22:15:05.276,3249,0,0,0,0,0,4436,1820,0,0,0,0,4721,0,0,0,30,0,0,0,0,0,0,0,0,0,0,0,0,0,0,0,0,0,0,0
2026-06-29 22:15:05.283,0,0,0,0,0,0,0,0,0,0,0,0,0,0,0,0,0,0,0,0,0,0,0,0,0,0,0,0,0,0,0,0,0,0,0,0
2026-06-29 22:15:05.384,0,0,0,0,0,0,0,0,0,0,0,0,0,0,0,0,0,0,0,0,0,0,0,0,0,0,0,0,0,0,0,0,0,0,0,0
2026-06-29 22:15:05.389,0,0,0,0,0,0,0,0,0,0,0,0,0,0,0,0,0,0,0,0,1925,1751,0,0,0,0,1492,3098,1921,662,3222,0,7101,6137,5480,0
2026-06-29 22:15:05.393,0,0,0,0,0,0,0,0,0,0,0,0,0,0,0,0,0,0,0,0,1925,1751,0,0,0,0,1492,3098,1921,662,3222,0,7101,6137,5480,0
2026-06-29 22:15:05.491,0,0,0,0,0,0,0,0,0,0,0,0,0,0,0,0,0,0,0,0,483,761,0,0,0,0,679,2128,1798,1025,4253,0,7262,6773,6757,415
2026-06-29 22:15:05.496,0,0,0,0,0,0,0,0,0,0,0,0,0,0,0,0,0,0,0,0,483,761,0,0,0,0,679,2128,1798,1025,4253,0,7262,6773,6757,415
2026-06-29 22:15:05.498,0,0,0,0,0,0,0,0,0,0,0,0,0,0,0,0,0,0,0,0,0,0,0,0,0,0,344,1175,1534,1452,5259,0,6524,6953,7588,977
2026-06-29 22:15:05.599,0,0,0,0,0,0,0,0,0,0,0,0,0,0,0,0,0,0,0,0,0,0,0,0,0,0,164,136,929,1653,6537,0,5178,6571,8329,1709
2026-06-29 22:15:05.605,0,0,0,0,0,0,0,0,0,0,0,0,0,0,0,0,0,0,0,0,0,0,0,0,0,0,164,136,929,1653,6537,0,5178,6571,8329,1709
2026-06-29 22:15:05.706,0,0,0,0,0,0,0,0,0,0,0,0,0,0,0,0,0,0,0,0,0,0,0,0,0,0,0,0,0,0,0,0,0,0,0,0
2026-06-29 22:15:05.714,0,0,0,0,0,0,0,0,0,0,0,0,0,0,0,0,0,0,0,0,0,0,0,0,0,0,0,0,0,0,0,0,0,0,0,0
2026-06-29 22:15:05.813,0,0,0,0,0,0,0,0,0,0,0,0,0,0,0,0,0,0,0,0,0,0,0,0,572,0,0,0,304,1675,7941,0,3799,6127,9437,2375
2026-06-29 22:15:05.816,0,0,0,0,0,0,0,0,0,0,0,0,0,0,0,0,0,0,0,0,0,0,0,0,1538,0,0,0,0,1233,9903,29,1712,5217,10822,3543
2026-06-29 22:15:05.821,0,0,0,0,0,0,0,0,0,0,0,0,0,0,0,0,0,0,0,0,0,0,0,0,2394,0,0,0,0,445,11188,772,0,3674,11607,4248
2026-06-29 22:15:05.917,0,0,7020,2850,0,0,0,0,3146,589,0,0,0,0,0,0,0,0,0,0,0,0,0,0,0,0,0,0,0,0,0,0,0,0,0,0
2026-06-29 22:15:05.921,0,0,9710,4820,0,0,0,0,4479,1343,0,0,613,0,0,0,157,0,0,0,0,0,0,0,0,0,0,0,0,0,0,0,0,0,0,0
2026-06-29 22:15:05.923,0,0,11809,6221,0,0,378,0,5201,1922,0,0,1413,0,0,0,381,0,0,0,0,0,0,0,0,0,0,0,0,0,0,0,0,0,0,0
2026-06-29 22:15:06.022,0,0,0,0,0,0,0,0,0,0,0,0,0,0,0,0,0,0,0,0,0,0,0,0,0,0,0,0,0,0,0,0,0,0,0,0
2026-06-29 22:15:06.032,0,0,0,0,0,0,0,0,0,0,0,0,0,0,0,0,0,0,0,0,0,0,0,0,0,0,0,0,0,0,0,0,0,0,0,0
2026-06-29 22:15:06.131,0,0,8391,4815,0,0,1584,0,2333,1041,0,0,2763,0,0,0,823,0,0,0,0,0,0,0,0,0,0,0,0,0,0,0,0,0,0,0
2026-06-29 22:15:06.137,0,0,8391,4815,0,0,1584,0,2333,1041,0,0,2763,0,0,0,823,0,0,0,0,0,0,0,0,0,0,0,0,0,0,0,0,0,0,0
2026-06-29 22:15:06.238,0,0,0,0,0,0,0,0,0,0,0,0,0,0,0,0,0,0,0,0,0,0,0,0,0,0,0,0,0,0,0,0,0,0,0,0
2026-06-29 22:15:06.248,0,0,0,0,0,0,0,0,0,0,0,0,0,0,0,0,0,0,0,0,0,0,0,0,0,0,0,0,0,0,0,0,0,0,0,0
2026-06-29 22:15:06.344,106,0,4962,3149,0,0,2753,0,385,0,0,451,4529,0,0,0,1738,0,0,0,0,0,0,0,0,0,0,0,0,0,0,0,0,0,0,0
2026-06-29 22:15:06.349,1007,0,3043,1603,0,0,3612,227,0,0,0,943,5669,0,0,486,2401,0,0,0,0,0,0,0,0,0,0,0,0,0,0,0,0,0,0,0
2026-06-29 22:15:06.350,2046,0,1050,0,0,0,5023,751,0,0,0,1613,7473,203,0,1029,3305,0,0,0,0,0,0,0,0,0,0,0,0,0,0,0,0,0,0,0
2026-06-29 22:15:06.352,2046,0,1050,0,0,0,5023,751,0,0,0,1613,7473,203,0,1029,3305,0,0,0,0,0,0,0,0,0,0,0,0,0,0,0,0,0,0,0
2026-06-29 22:15:06.353,2864,0,346,0,0,0,6264,1225,0,0,0,1660,8908,643,0,1025,3925,0,0,0,0,0,0,0,0,0,0,0,0,0,0,0,0,0,0,0
2026-06-29 22:15:06.448,0,0,0,0,0,0,0,0,0,0,0,0,0,0,0,0,0,0,0,0,0,0,0,0,0,0,0,0,0,0,0,0,0,0,0,0
2026-06-29 22:15:06.453,0,0,0,0,0,0,0,0,0,0,0,0,0,0,0,0,0,0,0,0,4834,2056,0,0,0,0,0,0,0,0,0,0,0,0,0,0
2026-06-29 22:15:06.551,3593,0,0,0,0,0,6957,1842,0,0,0,355,9798,810,0,136,4039,0,0,0,0,0,0,0,0,0,0,0,0,0,0,0,0,0,0,0
2026-06-29 22:15:06.556,3237,0,0,0,0,0,5305,1817,0,0,0,0,7341,213,0,0,1635,0,0,0,0,0,0,0,0,0,0,0,0,0,0,0,0,0,0,0
2026-06-29 22:15:06.557,0,0,0,0,0,0,0,0,0,0,0,0,0,0,0,0,0,0,0,0,0,0,0,0,0,0,0,0,0,0,0,0,0,0,0,0
2026-06-29 22:15:06.558,0,0,0,0,0,0,0,0,0,0,0,0,0,0,0,0,0,0,0,0,0,0,0,0,0,0,0,0,0,0,0,0,0,0,0,0
2026-06-29 22:15:06.658,0,0,0,0,0,0,0,0,0,0,0,0,0,0,0,0,0,0,0,0,8159,4720,0,0,306,0,1415,276,0,0,531,0,0,0,0,0
2026-06-29 22:15:06.670,0,0,0,0,0,0,0,0,0,0,0,0,0,0,0,0,0,0,0,0,9449,5794,0,0,916,0,2140,762,0,0,1129,0,0,0,0,0
2026-06-29 22:15:06.671,0,0,0,0,0,0,0,0,0,0,0,0,0,0,0,0,0,0,0,0,10119,6359,0,0,1463,0,2394,1038,229,0,1664,0,0,0,0,0
2026-06-29 22:15:06.676,0,0,0,0,0,0,0,0,0,0,0,0,0,0,0,0,0,0,0,0,9290,5924,0,0,1716,0,2149,929,351,0,2084,0,0,0,177,0
2026-06-29 22:15:06.767,0,0,0,0,0,0,0,0,0,0,0,0,0,0,0,0,0,0,0,0,0,0,0,0,0,0,0,0,0,0,0,0,0,0,0,0
2026-06-29 22:15:06.774,0,0,0,0,0,0,0,0,0,0,0,0,0,0,0,0,0,0,0,0,0,0,0,0,0,0,0,0,0,0,0,0,0,0,0,0
2026-06-29 22:15:06.871,0,0,0,0,0,0,0,0,0,0,0,0,0,0,0,0,0,0,0,0,8261,5389,0,0,1636,0,2055,983,560,0,2412,0,0,0,525,0
2026-06-29 22:15:06.877,0,0,0,0,0,0,0,0,0,0,0,0,0,0,0,0,0,0,0,0,8261,5389,0,0,1636,0,2055,983,560,0,2412,0,0,0,525,0
2026-06-29 22:15:06.879,0,0,0,0,0,0,0,0,0,0,0,0,0,0,0,0,0,0,0,0,8295,5461,0,0,1672,0,1849,945,892,2,2632,0,166,0,768,0
2026-06-29 22:15:06.880,0,0,0,0,0,0,0,0,0,0,0,0,0,0,0,0,0,0,0,0,8099,5397,0,0,1712,0,1641,777,976,85,2798,0,333,0,997,0
2026-06-29 22:15:06.978,0,0,0,0,0,0,0,0,0,0,0,0,0,0,0,0,0,0,0,0,7487,5102,0,0,1776,0,1104,651,1131,291,3184,0,742,0,1545,0
2026-06-29 22:15:06.985,0,0,0,0,0,0,0,0,0,0,0,0,0,0,0,0,0,0,0,0,7487,5102,0,0,1776,0,1104,651,1131,291,3184,0,742,0,1545,0
2026-06-29 22:15:07.083,0,0,0,0,0,0,0,0,0,0,0,0,0,0,0,0,0,0,0,0,0,0,0,0,0,0,0,0,0,0,0,0,0,0,0,0
2026-06-29 22:15:07.088,0,0,0,0,0,0,0,0,0,0,0,0,0,0,0,0,0,0,0,0,6553,4603,0,0,1644,0,539,498,1550,727,3814,0,1414,230,2349,0
2026-06-29 22:15:07.190,0,0,1533,0,0,0,0,0,0,0,0,0,0,0,0,0,0,0,0,0,0,0,0,0,0,0,0,0,0,0,0,0,0,0,0,0
2026-06-29 22:15:07.196,0,0,6374,1659,0,0,0,0,1623,0,0,0,0,0,0,0,0,0,0,0,0,0,0,0,0,0,0,0,0,0,0,0,0,0,0,0
2026-06-29 22:15:07.294,0,0,0,0,0,0,0,0,0,0,0,0,0,0,0,0,0,0,0,0,0,0,0,0,1867,0,0,0,0,0,5653,0,0,0,3264,0
2026-06-29 22:15:07.301,0,0,0,0,0,0,0,0,0,0,0,0,0,0,0,0,0,0,0,0,0,0,0,0,0,0,0,0,0,0,1364,0,0,0,0,0
2026-06-29 22:15:07.400,0,0,7922,3931,0,0,0,0,3800,1526,0,0,763,0,0,0,1259,0,0,0,0,0,0,0,0,0,0,0,0,0,0,0,0,0,0,0
2026-06-29 22:15:07.407,0,0,7870,4470,0,0,0,0,4039,2226,0,0,1861,0,680,126,2065,0,0,0,0,0,0,0,0,0,0,0,0,0,0,0,0,0,0,0
2026-06-29 22:15:07.408,0,0,7132,4359,0,0,458,0,3419,1960,0,0,3125,0,853,629,2652,0,0,0,0,0,0,0,0,0,0,0,0,0,0,0,0,0,0,0
2026-06-29 22:15:07.411,0,0,7132,4359,0,0,458,0,3419,1960,0,0,3125,0,853,629,2652,0,0,0,0,0,0,0,0,0,0,0,0,0,0,0,0,0,0,0
2026-06-29 22:15:07.412,0,0,7132,4359,0,0,458,0,3419,1960,0,0,3125,0,853,629,2652,0,0,0,0,0,0,0,0,0,0,0,0,0,0,0,0,0,0,0
2026-06-29 22:15:07.508,0,0,5155,3252,0,0,1497,0,2084,1136,0,0,4006,0,638,701,2918,210,0,0,0,0,0,0,0,0,0,0,0,0,0,0,0,0,0,0
2026-06-29 22:15:07.514,0,0,5155,3252,0,0,1497,0,2084,1136,0,0,4006,0,638,701,2918,210,0,0,0,0,0,0,0,0,0,0,0,0,0,0,0,0,0,0
2026-06-29 22:15:07.518,374,0,2563,1216,0,0,2886,803,464,0,0,437,5464,291,0,616,3261,983,0,0,0,0,0,0,0,0,0,0,0,0,0,0,0,0,0,0
2026-06-29 22:15:07.614,0,0,0,0,0,0,0,0,0,0,0,0,0,0,0,0,0,0,0,0,0,0,0,0,0,0,0,0,0,0,0,0,0,0,0,0
2026-06-29 22:15:07.619,744,0,1988,681,0,0,3206,912,173,0,0,573,5789,547,0,664,3281,1132,0,0,0,0,0,0,0,0,0,0,0,0,0,0,0,0,0,0
2026-06-29 22:15:07.719,1726,0,797,0,0,0,4320,1678,0,0,0,852,6734,1066,0,572,3427,1427,0,0,0,0,0,0,0,0,0,0,0,0,0,0,0,0,0,0
2026-06-29 22:15:07.727,1726,0,797,0,0,0,4320,1678,0,0,0,852,6734,1066,0,572,3427,1427,0,0,0,0,0,0,0,0,0,0,0,0,0,0,0,0,0,0
2026-06-29 22:15:07.728,2335,0,113,0,0,0,4925,2186,0,0,0,629,7183,1389,0,293,3433,1656,0,0,0,0,0,0,0,0,0,0,0,0,0,0,0,0,0,0
2026-06-29 22:15:07.825,0,0,0,0,0,0,0,0,0,0,0,0,0,0,0,0,0,0,0,0,0,0,0,0,0,0,0,0,0,0,0,0,0,0,0,0
2026-06-29 22:15:07.832,2934,0,0,0,0,0,5338,2786,0,0,0,0,7337,1716,0,0,3184,1902,0,0,0,0,0,0,0,0,0,0,0,0,0,0,0,0,0,0
2026-06-29 22:15:07.929,0,0,0,0,0,0,0,0,0,0,0,0,0,0,0,0,0,0,0,0,4517,1592,0,0,0,0,0,0,0,0,0,0,0,0,0,0
2026-06-29 22:15:07.933,2345,201,0,0,0,0,3004,2630,0,0,0,0,2627,466,0,0,0,0,0,0,4517,1592,0,0,0,0,0,0,0,0,0,0,0,0,0,0
2026-06-29 22:15:08.034,314,0,0,0,0,0,0,1003,0,0,0,0,0,0,0,0,0,0,0,0,0,0,0,0,0,0,0,0,0,0,0,0,0,0,0,0
2026-06-29 22:15:08.042,0,0,0,0,0,0,0,0,0,0,0,0,0,0,0,0,0,0,0,0,0,0,0,0,0,0,0,0,0,0,0,0,0,0,0,0
2026-06-29 22:15:08.046,0,0,0,0,0,0,0,0,0,0,0,0,0,0,0,0,0,0,0,0,11672,6785,0,0,325,0,2899,1541,783,0,822,0,0,0,0,0
2026-06-29 22:15:08.140,0,0,0,0,0,0,0,0,0,0,0,0,0,0,0,0,0,0,0,0,0,0,0,0,0,0,0,0,0,0,0,0,0,0,0,0
2026-06-29 22:15:08.146,0,0,0,0,0,0,0,0,0,0,0,0,0,0,0,0,0,0,0,0,11142,6453,0,0,356,0,2782,1443,1009,0,1009,0,0,0,0,0
2026-06-29 22:15:08.149,0,0,0,0,0,0,0,0,0,0,0,0,0,0,0,0,0,0,0,0,11142,6453,0,0,356,0,2782,1443,1009,0,1009,0,0,0,0,0
2026-06-29 22:15:08.245,0,0,0,0,0,0,0,0,0,0,0,0,0,0,0,0,0,0,0,0,10611,6313,0,0,483,0,2649,1596,1423,210,1436,0,563,0,302,0
2026-06-29 22:15:08.253,0,0,0,0,0,0,0,0,0,0,0,0,0,0,0,0,0,0,0,0,10611,6313,0,0,483,0,2649,1596,1423,210,1436,0,563,0,302,0
2026-06-29 22:15:08.351,0,0,0,0,0,0,0,0,0,0,0,0,0,0,0,0,0,0,0,0,0,0,0,0,0,0,0,0,0,0,0,0,0,0,0,0
2026-06-29 22:15:08.354,0,0,0,0,0,0,0,0,0,0,0,0,0,0,0,0,0,0,0,0,0,0,0,0,0,0,0,0,0,0,0,0,0,0,0,0
2026-06-29 22:15:08.453,0,0,0,0,0,0,0,0,0,0,0,0,0,0,0,0,0,0,0,0,0,0,0,0,0,0,0,0,0,0,0,0,0,0,0,0
2026-06-29 22:15:08.456,0,0,0,0,0,0,0,0,0,0,0,0,0,0,0,0,0,0,0,0,8244,5872,0,0,713,0,1161,1842,3162,1522,2704,0,2546,877,1961,0
2026-06-29 22:15:08.458,0,0,0,0,0,0,0,0,0,0,0,0,0,0,0,0,0,0,0,0,6390,5004,0,0,376,0,600,1688,4322,2461,3549,0,4311,2888,3376,0
2026-06-29 22:15:08.459,0,0,0,0,0,0,0,0,0,0,0,0,0,0,0,0,0,0,0,0,4822,4176,0,0,128,0,75,1351,4933,2975,4076,0,5178,3975,4428,0
2026-06-29 22:15:08.560,0,0,0,0,0,0,0,0,0,0,0,0,0,0,0,0,0,0,0,0,1091,1917,0,0,241,0,0,0,5498,4366,6094,0,5541,6000,7040,35
2026-06-29 22:15:08.571,0,0,0,0,0,0,0,0,0,0,0,0,0,0,0,0,0,0,0,0,1091,1917,0,0,241,0,0,0,5498,4366,6094,0,5541,6000,7040,35
2026-06-29 22:15:08.670,0,0,0,0,0,0,0,0,0,0,0,0,0,0,0,0,0,0,0,0,0,0,0,0,0,0,0,0,0,0,0,0,0,0,0,0
2026-06-29 22:15:08.677,0,0,0,0,0,0,0,0,0,0,0,0,0,0,0,0,0,0,0,0,0,0,0,0,0,0,0,0,0,0,0,0,0,0,0,0
2026-06-29 22:15:08.776,0,0,6125,1641,0,0,0,0,3701,10,0,0,0,0,0,0,0,0,0,0,0,0,0,0,0,0,0,0,0,0,0,0,0,0,0,0
2026-06-29 22:15:08.786,0,0,6125,1641,0,0,0,0,3701,10,0,0,0,0,0,0,0,0,0,0,0,443,0,0,837,0,0,0,4802,5031,8281,0,4235,6638,9183,952
2026-06-29 22:15:08.788,0,0,6125,1641,0,0,0,0,3701,10,0,0,0,0,0,0,0,0,0,0,0,0,0,0,1135,0,0,0,2277,4570,10167,0,1707,7129,11659,1484
2026-06-29 22:15:08.890,0,0,0,0,0,0,0,0,0,0,0,0,0,0,0,0,0,0,0,0,0,0,0,0,0,0,0,0,0,0,0,0,0,0,0,0
2026-06-29 22:15:08.895,0,0,8820,4359,0,0,0,0,6524,2938,0,0,214,0,182,0,853,0,0,0,0,0,0,0,0,0,0,0,0,0,0,0,0,0,0,0
2026-06-29 22:15:08.897,0,0,8820,4359,0,0,0,0,6524,2938,0,0,214,0,182,0,853,0,0,0,0,0,0,0,0,0,0,0,0,0,0,0,0,0,0,0
2026-06-29 22:15:08.901,0,0,9151,5164,0,0,0,0,7348,4424,0,0,1587,0,1956,277,1725,0,0,0,0,0,0,0,0,0,0,0,0,0,0,0,0,0,0,0
2026-06-29 22:15:08.994,0,0,0,0,0,0,0,0,0,0,0,0,0,0,0,0,0,0,0,0,0,0,0,0,0,0,0,0,0,0,0,0,0,0,0,0
2026-06-29 22:15:08.997,0,0,5568,3370,0,0,1570,0,4407,3094,525,409,4291,0,3414,2470,3630,0,0,0,0,0,0,0,0,0,0,0,0,0,0,0,0,0,0,0
2026-06-29 22:15:09.098,0,0,0,0,0,0,0,0,0,0,0,0,0,0,0,0,0,0,0,0,0,0,0,0,0,0,0,0,0,0,0,0,0,0,0,0
2026-06-29 22:15:09.104,0,0,0,0,0,0,0,0,0,0,0,0,0,0,0,0,0,0,0,0,0,0,0,0,0,0,0,0,0,0,0,0,0,0,0,0
2026-06-29 22:15:09.106,0,0,0,0,0,0,0,0,0,0,0,0,0,0,0,0,0,0,0,0,0,0,0,0,0,0,0,0,0,0,0,0,0,0,0,0
2026-06-29 22:15:09.208,0,0,3358,2020,0,0,3227,0,2532,1601,683,1310,6231,115,3206,2914,4512,898,0,0,0,0,0,0,0,0,0,0,0,0,0,0,0,0,0,0
2026-06-29 22:15:09.216,46,0,1797,806,0,0,4019,0,1639,465,103,1582,7307,740,2510,2987,5033,1558,0,0,0,0,0,0,0,0,0,0,0,0,0,0,0,0,0,0
2026-06-29 22:15:09.221,46,0,1797,806,0,0,4019,0,1639,465,103,1582,7307,740,2510,2987,5033,1558,0,0,0,0,0,0,0,0,0,0,0,0,0,0,0,0,0,0
2026-06-29 22:15:09.317,990,0,37,0,0,0,5068,405,724,0,0,1082,9602,1496,201,2271,6300,2577,0,0,0,0,0,0,0,0,0,0,0,0,0,0,0,0,0,0
2026-06-29 22:15:09.329,990,0,37,0,0,0,5068,405,724,0,0,1082,9602,1496,201,2271,6300,2577,0,0,0,0,0,0,0,0,0,0,0,0,0,0,0,0,0,0
2026-06-29 22:15:09.423,1981,0,0,0,0,0,3932,1248,0,0,0,0,7002,987,0,0,2907,1101,0,0,0,0,0,0,0,0,0,0,0,0,0,0,0,0,0,0
2026-06-29 22:15:09.428,1981,0,0,0,0,0,3932,1248,0,0,0,0,7002,987,0,0,2907,1101,0,0,5173,627,0,0,0,0,1207,0,0,0,0,0,0,0,0,0
2026-06-29 22:15:09.433,1981,0,0,0,0,0,3932,1248,0,0,0,0,7002,987,0,0,2907,1101,0,0,6424,2608,0,0,0,0,1859,560,0,0,0,0,0,0,0,0
2026-06-29 22:15:09.530,0,0,0,0,0,0,0,0,0,0,0,0,0,0,0,0,0,0,0,0,0,0,0,0,0,0,0,0,0,0,0,0,0,0,0,0
2026-06-29 22:15:09.535,0,0,0,0,0,0,0,0,0,0,0,0,0,0,0,0,0,0,0,0,0,0,0,0,0,0,0,0,0,0,0,0,0,0,0,0
2026-06-29 22:15:09.632,0,0,0,0,0,0,0,0,0,0,0,0,0,0,0,0,0,0,0,0,10684,5785,0,0,0,0,4279,2321,469,0,1637,0,1015,0,676,0
2026-06-29 22:15:09.638,0,0,0,0,0,0,0,0,0,0,0,0,0,0,0,0,0,0,0,0,9760,5415,0,0,0,0,3943,2140,483,0,1646,0,1131,38,766,0
2026-06-29 22:15:09.640,0,0,0,0,0,0,0,0,0,0,0,0,0,0,0,0,0,0,0,0,9760,5415,0,0,0,0,3943,2140,483,0,1646,0,1131,38,766,0
2026-06-29 22:15:09.738,0,0,0,0,0,0,0,0,0,0,0,0,0,0,0,0,0,0,0,0,8487,4892,0,0,485,0,3321,2083,602,0,2326,0,1378,385,1127,0
2026-06-29 22:15:09.746,0,0,0,0,0,0,0,0,0,0,0,0,0,0,0,0,0,0,0,0,7967,4845,0,0,1232,0,2599,2000,806,100,3196,0,1451,552,1658,0
2026-06-29 22:15:09.847,0,0,0,0,0,0,0,0,0,0,0,0,0,0,0,0,0,0,0,0,0,0,0,0,0,0,0,0,0,0,0,0,0,0,0,0
2026-06-29 22:15:09.857,0,0,0,0,0,0,0,0,0,0,0,0,0,0,0,0,0,0,0,0,0,0,0,0,0,0,0,0,0,0,0,0,0,0,0,0
2026-06-29 22:15:09.953,0,0,0,0,0,0,0,0,0,0,0,0,0,0,0,0,0,0,347,0,2571,1343,0,0,3475,0,0,154,1243,2007,7258,0,2316,2532,4646,0
2026-06-29 22:15:09.956,0,0,0,0,0,0,0,0,0,0,0,0,0,0,0,0,0,0,1476,0,332,0,0,0,5230,358,0,0,400,2823,10250,0,1313,3054,6776,794
2026-06-29 22:15:09.959,0,0,0,0,0,0,0,0,0,0,0,0,0,0,0,0,0,0,1800,0,0,0,0,0,5800,859,0,0,0,773,12019,470,0,1703,7896,978
2026-06-29 22:15:10.059,0,0,0,0,0,0,0,0,0,0,0,0,0,0,0,0,0,0,1111,0,0,0,0,0,4538,1013,0,0,0,0,8941,251,0,0,4327,0
2026-06-29 22:15:10.162,0,0,0,0,0,0,0,0,0,0,0,0,0,0,0,0,0,0,0,0,0,0,0,0,0,0,0,0,0,0,0,0,0,0,0,0
2026-06-29 22:15:10.172,0,0,0,0,0,0,0,0,0,0,0,0,0,0,0,0,0,0,0,0,0,0,0,0,0,0,0,0,0,0,0,0,0,0,0,0
2026-06-29 22:15:10.181,0,0,2054,0,0,0,0,0,2216,0,0,0,0,0,0,0,0,0,0,0,0,0,0,0,0,0,0,0,0,0,0,0,0,0,0,0
2026-06-29 22:15:10.279,0,0,6845,2586,0,0,0,0,5090,1078,0,0,0,0,0,0,0,0,0,0,0,0,0,0,0,0,0,0,0,0,0,0,0,0,0,0
2026-06-29 22:15:10.290,0,0,9328,5350,0,0,0,0,6989,3402,0,0,0,0,0,0,486,0,0,0,0,0,0,0,0,0,0,0,0,0,0,0,0,0,0,0
2026-06-29 22:15:10.294,0,0,10225,6409,0,0,0,0,7889,4857,121,0,1204,0,1324,0,1360,0,0,0,0,0,0,0,0,0,0,0,0,0,0,0,0,0,0,0
2026-06-29 22:15:10.386,0,0,7199,5336,0,0,66,0,5780,4626,1459,394,2910,0,3509,2499,3044,0,0,0,0,0,0,0,0,0,0,0,0,0,0,0,0,0,0,0
2026-06-29 22:15:10.394,0,0,5152,4155,0,0,481,0,4084,3819,1701,1142,3922,0,4022,3510,3912,0,0,0,0,0,0,0,0,0,0,0,0,0,0,0,0,0,0,0
2026-06-29 22:15:10.491,0,0,3884,3255,0,0,975,0,2742,2727,1990,2123,4924,0,4021,4121,4589,203,0,0,0,0,0,0,0,0,0,0,0,0,0,0,0,0,0,0
2026-06-29 22:15:10.495,0,0,3066,2625,0,0,1301,0,2106,1913,1972,2640,5768,0,3977,4626,4871,706,0,0,0,0,0,0,0,0,0,0,0,0,0,0,0,0,0,0
2026-06-29 22:15:10.500,0,0,3066,2625,0,0,1301,0,2106,1913,1972,2640,5768,0,3977,4626,4871,706,0,0,0,0,0,0,0,0,0,0,0,0,0,0,0,0,0,0
2026-06-29 22:15:10.597,0,0,1001,626,0,0,2443,0,1014,0,1044,3185,7190,531,2906,4813,6103,1821,0,0,0,0,0,0,0,0,0,0,0,0,0,0,0,0,0,0
2026-06-29 22:15:10.601,0,0,1001,626,0,0,2443,0,1014,0,1044,3185,7190,531,2906,4813,6103,1821,0,0,0,0,0,0,0,0,0,0,0,0,0,0,0,0,0,0
2026-06-29 22:15:10.602,0,0,239,0,0,0,3122,0,960,0,326,3260,8245,1107,1979,4587,6625,2301,0,0,0,0,0,0,0,0,0,0,0,0,0,0,0,0,0,0
2026-06-29 22:15:10.702,0,0,0,0,0,0,0,0,0,0,0,0,0,0,0,0,0,0,0,0,0,0,0,0,0,0,0,0,0,0,0,0,0,0,0,0
2026-06-29 22:15:10.708,0,0,5,0,0,0,4182,197,728,0,0,2221,9832,1929,279,3716,7503,3049,0,0,0,0,0,0,0,0,0,0,0,0,0,0,0,0,0,0
2026-06-29 22:15:10.712,0,0,5,0,0,0,4182,197,728,0,0,2221,9832,1929,279,3716,7503,3049,0,0,0,0,0,0,0,0,0,0,0,0,0,0,0,0,0,0
2026-06-29 22:15:10.811,0,0,0,0,0,0,0,0,0,0,0,0,0,0,0,0,0,0,0,0,3956,1058,0,0,0,0,0,0,0,0,0,0,0,0,0,0
2026-06-29 22:15:10.820,0,0,0,0,0,0,0,0,0,0,0,0,0,0,0,0,0,0,0,0,5368,3145,0,0,0,0,0,0,68,0,0,0,0,0,0,0
2026-06-29 22:15:10.918,0,0,0,0,0,0,0,0,0,0,0,0,0,0,0,0,0,0,0,0,0,0,0,0,0,0,0,0,0,0,0,0,0,0,0,0
2026-06-29 22:15:10.923,0,0,0,0,0,0,0,0,0,0,0,0,0,0,0,0,0,0,0,0,8002,5265,0,0,599,0,0,0,1595,502,1822,0,0,0,653,0
2026-06-29 22:15:10.926,0,0,0,0,0,0,0,0,0,0,0,0,0,0,0,0,0,0,0,0,8002,5265,0,0,599,0,0,0,1595,502,1822,0,0,0,653,0
2026-06-29 22:15:11.023,0,0,0,0,0,0,0,0,0,0,0,0,0,0,0,0,0,0,0,0,0,0,0,0,0,0,0,0,0,0,0,0,0,0,0,0
2026-06-29 22:15:11.028,0,0,0,0,0,0,0,0,0,0,0,0,0,0,0,0,0,0,0,0,8569,6018,193,0,1490,0,0,0,2449,1255,2817,0,284,178,1044,0
2026-06-29 22:15:11.032,0,0,0,0,0,0,0,0,0,0,0,0,0,0,0,0,0,0,0,0,8569,6018,193,0,1490,0,0,0,2449,1255,2817,0,284,178,1044,0
2026-06-29 22:15:11.128,0,0,0,0,0,0,0,0,0,0,0,0,0,0,0,0,0,0,0,0,7413,5243,24,0,1649,0,0,0,2400,1337,3135,0,271,283,1198,0
2026-06-29 22:15:11.131,0,0,0,0,0,0,0,0,0,0,0,0,0,0,0,0,0,0,0,0,7413,5243,24,0,1649,0,0,0,2400,1337,3135,0,271,283,1198,0
2026-06-29 22:15:11.133,0,0,0,0,0,0,0,0,0,0,0,0,0,0,0,0,0,0,0,0,7413,5243,24,0,1649,0,0,0,2400,1337,3135,0,271,283,1198,0
2026-06-29 22:15:11.135,0,0,0,0,0,0,0,0,0,0,0,0,0,0,0,0,0,0,0,0,6524,4964,73,0,1788,0,0,0,2554,1574,3548,0,467,455,1515,0
2026-06-29 22:15:11.136,0,0,0,0,0,0,0,0,0,0,0,0,0,0,0,0,0,0,0,0,6090,4792,217,0,1926,0,0,0,2661,1659,3904,0,571,571,1799,0
2026-06-29 22:15:11.234,0,0,0,0,0,0,0,0,0,0,0,0,0,0,0,0,0,0,0,0,5443,4617,264,0,2126,0,0,0,2867,1930,4481,0,960,899,2142,0
2026-06-29 22:15:11.342,0,0,0,0,0,0,0,0,0,0,0,0,0,0,0,0,0,0,0,0,0,0,0,0,0,0,0,0,0,0,0,0,0,0,0,0
2026-06-29 22:15:11.349,0,0,0,0,0,0,0,0,0,0,0,0,0,0,0,0,0,0,0,0,3770,3513,225,0,2133,0,0,0,3315,2420,5555,0,1654,1615,3355,0
2026-06-29 22:15:11.355,0,0,0,0,0,0,0,0,0,0,0,0,0,0,0,0,0,0,0,0,2419,2696,28,0,2445,0,0,0,3335,2893,6354,0,1864,2035,3978,0
2026-06-29 22:15:11.446,0,0,0,0,0,0,0,0,0,0,0,0,0,0,0,0,0,0,0,0,0,0,0,0,0,0,0,0,0,0,0,0,0,0,0,0
2026-06-29 22:15:11.449,0,0,0,0,0,0,0,0,0,0,0,0,0,0,0,0,0,0,0,0,0,0,0,0,0,0,0,0,0,0,0,0,0,0,0,0
2026-06-29 22:15:11.452,0,0,0,0,0,0,0,0,0,0,0,0,0,0,0,0,0,0,0,0,0,0,0,0,0,0,0,0,0,0,0,0,0,0,0,0
2026-06-29 22:15:11.551,0,0,0,0,0,0,0,0,0,0,0,0,0,0,0,0,0,0,0,0,1523,1898,0,0,2725,0,0,0,3193,3164,6959,0,1865,2415,4468,0
2026-06-29 22:15:11.560,0,0,0,0,0,0,0,0,0,0,0,0,0,0,0,0,0,0,0,0,264,239,0,0,3013,0,0,0,2020,3099,7727,0,1102,2630,5280,61
2026-06-29 22:15:11.561,0,0,0,0,0,0,0,0,0,0,0,0,0,0,0,0,0,0,0,0,0,0,0,0,2796,0,0,0,0,598,7456,0,0,1118,4559,0
2026-06-29 22:15:11.567,0,0,6272,3001,0,0,0,0,3406,1329,0,0,0,0,0,0,0,0,0,0,0,0,0,0,815,0,0,0,0,0,3384,0,0,0,836,0
2026-06-29 22:15:11.655,0,0,0,0,0,0,0,0,0,0,0,0,0,0,0,0,0,0,0,0,0,0,0,0,0,0,0,0,0,0,0,0,0,0,0,0
2026-06-29 22:15:11.659,0,0,0,0,0,0,0,0,0,0,0,0,0,0,0,0,0,0,0,0,0,0,0,0,0,0,0,0,0,0,0,0,0,0,0,0
2026-06-29 22:15:11.762,0,0,7139,4618,0,0,0,0,5362,3777,0,0,1669,0,2361,1140,2059,0,0,0,0,0,0,0,0,0,0,0,0,0,0,0,0,0,0,0
2026-06-29 22:15:11.767,0,0,6492,4647,0,0,0,0,5315,4049,437,0,2456,0,3294,2118,2872,0,0,0,0,0,0,0,0,0,0,0,0,0,0,0,0,0,0,0
2026-06-29 22:15:11.868,0,0,5871,4237,0,0,0,0,4802,3871,689,0,3068,0,3685,2603,3361,0,0,0,0,0,0,0,0,0,0,0,0,0,0,0,0,0,0,0
2026-06-29 22:15:11.874,0,0,5774,4123,0,0,305,0,4517,3696,811,147,3580,0,3733,2765,3515,0,0,0,0,0,0,0,0,0,0,0,0,0,0,0,0,0,0,0
2026-06-29 22:15:11.880,0,0,5774,4123,0,0,305,0,4517,3696,811,147,3580,0,3733,2765,3515,0,0,0,0,0,0,0,0,0,0,0,0,0,0,0,0,0,0,0
2026-06-29 22:15:11.886,0,0,5774,4123,0,0,305,0,4517,3696,811,147,3580,0,3733,2765,3515,0,0,0,0,0,0,0,0,0,0,0,0,0,0,0,0,0,0,0
2026-06-29 22:15:11.976,0,0,5053,3734,0,0,1239,0,3980,3098,882,722,4111,0,3412,2622,3574,132,0,0,0,0,0,0,0,0,0,0,0,0,0,0,0,0,0,0
2026-06-29 22:15:11.982,0,0,5053,3734,0,0,1239,0,3980,3098,882,722,4111,0,3412,2622,3574,132,0,0,0,0,0,0,0,0,0,0,0,0,0,0,0,0,0,0
2026-06-29 22:15:12.081,0,0,0,0,0,0,0,0,0,0,0,0,0,0,0,0,0,0,0,0,0,0,0,0,0,0,0,0,0,0,0,0,0,0,0,0
2026-06-29 22:15:12.084,0,0,0,0,0,0,0,0,0,0,0,0,0,0,0,0,0,0,0,0,0,0,0,0,0,0,0,0,0,0,0,0,0,0,0,0
2026-06-29 22:15:12.087,0,0,5309,3775,0,0,1547,0,3778,2909,853,824,4313,0,3223,2518,3521,270,0,0,0,0,0,0,0,0,0,0,0,0,0,0,0,0,0,0
2026-06-29 22:15:12.186,0,0,4985,3481,0,0,1831,0,3494,2741,842,914,4626,0,3068,2459,3488,415,0,0,0,0,0,0,0,0,0,0,0,0,0,0,0,0,0,0
2026-06-29 22:15:12.195,0,0,4639,3222,0,0,2018,0,3004,2412,821,1095,4972,0,2977,2501,3602,628,0,0,0,0,0,0,0,0,0,0,0,0,0,0,0,0,0,0
2026-06-29 22:15:12.201,0,0,2884,1641,0,0,2641,0,1460,1133,362,1318,6070,319,2732,2843,4364,1322,0,0,0,0,0,0,0,0,0,0,0,0,0,0,0,0,0,0
2026-06-29 22:15:12.301,0,0,1310,296,0,0,2893,0,920,96,0,1532,6937,793,2116,3074,5343,2060,0,0,0,0,0,0,0,0,0,0,0,0,0,0,0,0,0,0
2026-06-29 22:15:12.308,0,0,0,0,0,0,3103,326,184,0,0,1193,8186,1207,807,2620,6514,2875,0,0,0,0,0,0,0,0,0,0,0,0,0,0,0,0,0,0
2026-06-29 22:15:12.407,0,0,0,0,0,0,0,0,0,0,0,0,0,0,0,0,0,0,0,0,0,0,0,0,0,0,0,0,0,0,0,0,0,0,0,0
2026-06-29 22:15:12.417,0,0,0,0,0,0,0,0,0,0,0,0,0,0,0,0,0,0,0,0,3723,175,0,0,0,0,0,0,0,0,0,0,0,0,0,0
2026-06-29 22:15:12.423,0,0,0,0,0,0,0,0,0,0,0,0,0,0,0,0,0,0,0,0,4887,1083,0,0,0,0,0,0,0,0,0,0,0,0,0,0
2026-06-29 22:15:12.513,0,0,0,0,0,0,1353,327,0,0,0,0,5049,476,0,0,3533,1123,0,0,0,0,0,0,0,0,0,0,0,0,0,0,0,0,0,0
2026-06-29 22:15:12.517,0,0,0,0,0,0,0,0,0,0,0,0,0,0,0,0,0,0,0,0,0,0,0,0,0,0,0,0,0,0,0,0,0,0,0,0
2026-06-29 22:15:12.518,0,0,0,0,0,0,0,0,0,0,0,0,0,0,0,0,0,0,0,0,0,0,0,0,0,0,0,0,0,0,0,0,0,0,0,0
2026-06-29 22:15:12.620,0,0,0,0,0,0,0,0,0,0,0,0,0,0,0,0,0,0,1133,0,8364,3866,0,0,1708,0,1459,0,0,0,1181,0,0,0,0,0
2026-06-29 22:15:12.627,0,0,0,0,0,0,0,0,0,0,0,0,0,0,0,0,0,0,1315,0,8707,4069,0,0,1801,0,1675,0,0,0,1370,0,0,0,0,0
2026-06-29 22:15:12.628,0,0,0,0,0,0,0,0,0,0,0,0,0,0,0,0,0,0,1324,0,8675,4289,0,0,1937,0,1928,0,0,0,1682,0,0,0,0,0
2026-06-29 22:15:12.726,0,0,0,0,0,0,0,0,0,0,0,0,0,0,0,0,0,0,0,0,0,0,0,0,0,0,0,0,0,0,0,0,0,0,0,0
2026-06-29 22:15:12.735,0,0,0,0,0,0,0,0,0,0,0,0,0,0,0,0,0,0,0,0,0,0,0,0,0,0,0,0,0,0,0,0,0,0,0,0
2026-06-29 22:15:12.833,0,0,0,0,0,0,0,0,0,0,0,0,0,0,0,0,0,0,1462,0,8073,3998,0,0,2140,0,1662,115,0,0,2096,0,0,0,0,0
2026-06-29 22:15:12.845,0,0,0,0,0,0,0,0,0,0,0,0,0,0,0,0,0,0,1891,0,6670,3307,0,0,2579,0,768,0,0,0,2898,0,0,0,702,0
2026-06-29 22:15:12.846,0,0,0,0,0,0,0,0,0,0,0,0,0,0,0,0,0,0,1891,0,6670,3307,0,0,2579,0,768,0,0,0,2898,0,0,0,702,0
2026-06-29 22:15:12.940,0,0,0,0,0,0,0,0,0,0,0,0,0,0,0,0,0,0,2249,0,4970,2178,0,0,3159,0,0,0,0,0,4045,0,0,0,1408,0
2026-06-29 22:15:12.946,0,0,0,0,0,0,0,0,0,0,0,0,0,0,0,0,0,0,2389,0,2883,739,0,0,3751,95,0,0,0,726,5469,0,0,1,2560,0
2026-06-29 22:15:13.045,0,0,0,0,0,0,0,0,0,0,0,0,0,0,0,0,0,0,0,0,0,0,0,0,0,0,0,0,0,0,0,0,0,0,0,0
2026-06-29 22:15:13.049,0,0,0,0,0,0,0,0,0,0,0,0,0,0,0,0,0,0,0,0,0,0,0,0,0,0,0,0,0,0,0,0,0,0,0,0
2026-06-29 22:15:13.051,0,0,0,0,0,0,0,0,0,0,0,0,0,0,0,0,0,0,1014,0,0,0,0,0,5036,736,0,0,0,836,11061,624,0,1887,7729,1041
2026-06-29 22:15:13.151,0,0,0,0,0,0,0,0,0,0,0,0,0,0,0,0,0,0,0,0,0,0,0,0,3686,369,0,0,0,0,9800,384,0,0,6180,196
2026-06-29 22:15:13.159,0,0,0,0,0,0,0,0,0,0,0,0,0,0,0,0,0,0,0,0,0,0,0,0,71,0,0,0,0,0,2001,0,0,0,0,0
2026-06-29 22:15:13.162,0,0,107,0,0,0,0,0,736,0,0,0,0,0,0,0,0,0,0,0,0,0,0,0,71,0,0,0,0,0,2001,0,0,0,0,0
2026-06-29 22:15:13.168,0,0,9667,5319,0,0,0,0,6255,2821,0,0,18,0,0,0,0,0,0,0,0,0,0,0,71,0,0,0,0,0,2001,0,0,0,0,0
2026-06-29 22:15:13.258,0,0,11449,6679,0,0,0,0,7536,3923,0,0,868,0,0,0,29,0,0,0,0,0,0,0,0,0,0,0,0,0,0,0,0,0,0,0
2026-06-29 22:15:13.267,0,0,11449,6679,0,0,0,0,7536,3923,0,0,868,0,0,0,29,0,0,0,0,0,0,0,0,0,0,0,0,0,0,0,0,0,0,0
2026-06-29 22:15:13.364,0,0,10316,6387,0,0,859,0,6372,3560,0,0,1496,0,0,0,127,0,0,0,0,0,0,0,0,0,0,0,0,0,0,0,0,0,0,0
2026-06-29 22:15:13.369,0,0,10316,6387,0,0,859,0,6372,3560,0,0,1496,0,0,0,127,0,0,0,0,0,0,0,0,0,0,0,0,0,0,0,0,0,0,0
2026-06-29 22:15:13.468,0,0,0,0,0,0,0,0,0,0,0,0,0,0,0,0,0,0,0,0,0,0,0,0,0,0,0,0,0,0,0,0,0,0,0,0
2026-06-29 22:15:13.475,0,0,0,0,0,0,0,0,0,0,0,0,0,0,0,0,0,0,0,0,0,0,0,0,0,0,0,0,0,0,0,0,0,0,0,0
2026-06-29 22:15:13.480,0,0,8507,5444,0,0,1418,0,5055,2832,0,0,1856,0,0,0,249,0,0,0,0,0,0,0,0,0,0,0,0,0,0,0,0,0,0,0
2026-06-29 22:15:13.573,0,0,0,0,0,0,0,0,0,0,0,0,0,0,0,0,0,0,0,0,0,0,0,0,0,0,0,0,0,0,0,0,0,0,0,0
2026-06-29 22:15:13.677,579,0,5003,3088,0,0,3211,0,2090,797,0,0,3889,0,0,0,1098,0,0,0,0,0,0,0,0,0,0,0,0,0,0,0,0,0,0,0
2026-06-29 22:15:13.684,1487,0,3117,1513,0,0,4293,418,876,0,0,274,5062,688,0,0,1759,153,0,0,0,0,0,0,0,0,0,0,0,0,0,0,0,0,0,0
2026-06-29 22:15:13.685,3143,0,0,0,0,0,6071,953,0,0,0,363,7301,1745,0,0,2885,956,0,0,0,0,0,0,0,0,0,0,0,0,0,0,0,0,0,0
2026-06-29 22:15:13.782,0,0,0,0,0,0,0,0,0,0,0,0,0,0,0,0,0,0,0,0,0,0,0,0,0,0,0,0,0,0,0,0,0,0,0,0
2026-06-29 22:15:13.791,0,0,0,0,0,0,0,0,0,0,0,0,0,0,0,0,0,0,0,0,0,0,0,0,0,0,0,0,0,0,0,0,0,0,0,0
2026-06-29 22:15:13.797,0,0,0,0,0,0,0,0,0,0,0,0,0,0,0,0,0,0,0,0,4365,992,0,0,0,0,0,0,0,0,0,0,0,0,0,0
2026-06-29 22:15:13.798,1571,0,0,0,0,0,2092,358,0,0,0,0,2654,0,0,0,0,0,0,0,4927,1974,0,0,0,0,0,0,0,0,493,0,0,0,0,0
2026-06-29 22:15:13.895,0,0,0,0,0,0,0,0,0,0,0,0,0,0,0,0,0,0,0,0,7619,4304,0,0,905,0,398,288,0,0,2100,0,0,0,976,0
2026-06-29 22:15:13.901,0,0,0,0,0,0,0,0,0,0,0,0,0,0,0,0,0,0,0,0,7619,4304,0,0,905,0,398,288,0,0,2100,0,0,0,976,0
2026-06-29 22:15:14.001,0,0,0,0,0,0,0,0,0,0,0,0,0,0,0,0,0,0,283,0,6233,3649,0,0,2092,0,149,59,7,33,3478,0,166,0,1655,0
2026-06-29 22:15:14.008,0,0,0,0,0,0,0,0,0,0,0,0,0,0,0,0,0,0,1134,0,4826,2582,0,0,2772,173,0,0,0,215,3973,0,0,0,1813,0
2026-06-29 22:15:14.013,0,0,0,0,0,0,0,0,0,0,0,0,0,0,0,0,0,0,1134,0,4826,2582,0,0,2772,173,0,0,0,215,3973,0,0,0,1813,0
2026-06-29 22:15:14.107,0,0,0,0,0,0,0,0,0,0,0,0,0,0,0,0,0,0,0,0,0,0,0,0,0,0,0,0,0,0,0,0,0,0,0,0
2026-06-29 22:15:14.114,0,0,0,0,0,0,0,0,0,0,0,0,0,0,0,0,0,0,0,0,0,0,0,0,0,0,0,0,0,0,0,0,0,0,0,0
2026-06-29 22:15:14.212,0,0,0,0,0,0,0,0,0,0,0,0,0,0,0,0,0,0,0,0,0,0,0,0,0,0,0,0,0,0,0,0,0,0,0,0
2026-06-29 22:15:14.221,0,0,0,0,0,0,0,0,0,0,0,0,0,0,0,0,0,0,2857,0,3940,1505,0,0,3954,852,0,0,0,101,4576,191,0,0,1464,0
2026-06-29 22:15:14.225,0,0,0,0,0,0,0,0,0,0,0,0,0,0,0,0,0,0,3075,0,4077,1454,0,0,4105,894,0,0,0,0,4476,180,0,0,1293,0
2026-06-29 22:15:14.321,0,0,0,0,0,0,0,0,0,0,0,0,0,0,0,0,0,0,2732,0,4076,1410,0,0,3899,784,0,0,0,0,4140,0,0,0,1101,0
2026-06-29 22:15:14.328,0,0,0,0,0,0,0,0,0,0,0,0,0,0,0,0,0,0,2732,0,4076,1410,0,0,3899,784,0,0,0,0,4140,0,0,0,1101,0
2026-06-29 22:15:14.329,0,0,0,0,0,0,0,0,0,0,0,0,0,0,0,0,0,0,1967,0,2023,23,0,0,3062,390,0,0,0,0,3466,0,0,0,716,0
2026-06-29 22:15:14.331,0,0,4875,2367,0,0,0,0,3046,647,0,0,611,0,0,0,238,0,1967,0,2023,23,0,0,3062,390,0,0,0,0,3466,0,0,0,716,0
2026-06-29 22:15:14.427,0,0,0,0,0,0,0,0,0,0,0,0,0,0,0,0,0,0,892,0,0,0,0,0,1548,0,0,0,0,0,1566,0,0,0,0,0
2026-06-29 22:15:14.437,0,0,7386,4418,0,0,886,0,4347,1965,0,0,1597,0,0,0,480,0,892,0,0,0,0,0,1548,0,0,0,0,0,1566,0,0,0,0,0
2026-06-29 22:15:14.532,0,0,0,0,0,0,0,0,0,0,0,0,0,0,0,0,0,0,0,0,0,0,0,0,0,0,0,0,0,0,0,0,0,0,0,0
2026-06-29 22:15:14.537,0,0,9759,6116,0,0,1254,0,5773,3297,0,0,2109,0,0,0,688,0,0,0,0,0,0,0,0,0,0,0,0,0,0,0,0,0,0,0
2026-06-29 22:15:14.641,0,0,10152,6287,0,0,931,0,5941,3354,0,0,1871,0,0,0,623,0,0,0,0,0,0,0,0,0,0,0,0,0,0,0,0,0,0,0
2026-06-29 22:15:14.648,0,0,10796,6386,0,0,379,0,6092,3281,0,0,1508,0,0,0,279,0,0,0,0,0,0,0,0,0,0,0,0,0,0,0,0,0,0,0
2026-06-29 22:15:14.654,0,0,10796,6386,0,0,379,0,6092,3281,0,0,1508,0,0,0,279,0,0,0,0,0,0,0,0,0,0,0,0,0,0,0,0,0,0,0
2026-06-29 22:15:14.748,0,0,12191,6922,0,0,0,0,6329,3269,0,0,1005,0,0,0,30,0,0,0,0,0,0,0,0,0,0,0,0,0,0,0,0,0,0,0
2026-06-29 22:15:14.754,0,0,12191,6922,0,0,0,0,6329,3269,0,0,1005,0,0,0,30,0,0,0,0,0,0,0,0,0,0,0,0,0,0,0,0,0,0,0
2026-06-29 22:15:14.760,0,0,12715,7151,0,0,0,0,6412,3211,0,0,597,0,0,0,0,0,0,0,0,0,0,0,0,0,0,0,0,0,0,0,0,0,0,0
2026-06-29 22:15:14.854,0,0,12965,7197,0,0,0,0,6428,3223,0,0,371,0,0,0,0,0,0,0,0,0,0,0,0,0,0,0,0,0,0,0,0,0,0,0
2026-06-29 22:15:14.863,0,0,12965,7197,0,0,0,0,6428,3223,0,0,371,0,0,0,0,0,0,0,0,0,0,0,0,0,0,0,0,0,0,0,0,0,0,0
2026-06-29 22:15:14.961,0,0,0,0,0,0,0,0,0,0,0,0,0,0,0,0,0,0,0,0,0,0,0,0,0,0,0,0,0,0,0,0,0,0,0,0
2026-06-29 22:15:14.967,0,0,13767,7277,0,0,0,0,6641,2887,0,0,89,0,0,0,0,0,0,0,0,0,0,0,0,0,0,0,0,0,0,0,0,0,0,0
2026-06-29 22:15:15.065,0,0,11218,5394,0,0,0,0,4508,1523,0,0,0,0,0,0,0,0,0,0,0,0,0,0,0,0,0,0,0,0,0,0,0,0,0,0
2026-06-29 22:15:15.073,0,0,11218,5394,0,0,0,0,4508,1523,0,0,0,0,0,0,0,0,0,0,4181,502,0,0,0,0,0,0,0,0,0,0,0,0,0,0
2026-06-29 22:15:15.169,0,0,6106,2034,0,0,0,0,1307,0,0,0,0,0,0,0,0,0,0,0,0,0,0,0,0,0,0,0,0,0,0,0,0,0,0,0
2026-06-29 22:15:15.172,0,0,6106,2034,0,0,0,0,1307,0,0,0,0,0,0,0,0,0,0,0,10248,4567,0,0,0,0,2208,109,0,0,0,0,0,0,0,0
2026-06-29 22:15:15.173,0,0,2553,0,0,0,0,0,0,0,0,0,0,0,0,0,0,0,0,0,10248,4567,0,0,0,0,2208,109,0,0,0,0,0,0,0,0
2026-06-29 22:15:15.175,0,0,2553,0,0,0,0,0,0,0,0,0,0,0,0,0,0,0,0,0,11678,5468,0,0,0,0,2984,504,0,0,0,0,0,0,0,0
2026-06-29 22:15:15.275,0,0,39,0,0,0,0,0,0,0,0,0,0,0,0,0,0,0,0,0,0,0,0,0,0,0,0,0,0,0,0,0,0,0,0,0
2026-06-29 22:15:15.281,0,0,39,0,0,0,0,0,0,0,0,0,0,0,0,0,0,0,0,0,12087,5699,0,0,0,0,3081,754,0,0,0,0,0,0,0,0
2026-06-29 22:15:15.286,0,0,0,0,0,0,0,0,0,0,0,0,0,0,0,0,0,0,0,0,12087,5699,0,0,0,0,3081,754,0,0,0,0,0,0,0,0
2026-06-29 22:15:15.380,0,0,0,0,0,0,0,0,0,0,0,0,0,0,0,0,0,0,0,0,12323,5858,0,0,0,0,3130,832,0,0,0,0,0,0,0,0
2026-06-29 22:15:15.386,0,0,0,0,0,0,0,0,0,0,0,0,0,0,0,0,0,0,0,0,12323,5858,0,0,0,0,3130,832,0,0,0,0,0,0,0,0
2026-06-29 22:15:15.388,0,0,0,0,0,0,0,0,0,0,0,0,0,0,0,0,0,0,0,0,12323,5858,0,0,0,0,3130,832,0,0,0,0,0,0,0,0
2026-06-29 22:15:15.485,0,0,0,0,0,0,0,0,0,0,0,0,0,0,0,0,0,0,0,0,12610,5910,0,0,0,0,3393,904,0,0,0,0,0,0,0,0
2026-06-29 22:15:15.490,0,0,0,0,0,0,0,0,0,0,0,0,0,0,0,0,0,0,0,0,12838,5908,0,0,0,0,3463,978,0,0,0,0,0,0,0,0
2026-06-29 22:15:15.589,0,0,0,0,0,0,0,0,0,0,0,0,0,0,0,0,0,0,0,0,0,0,0,0,0,0,0,0,0,0,0,0,0,0,0,0
2026-06-29 22:15:15.592,0,0,0,0,0,0,0,0,0,0,0,0,0,0,0,0,0,0,0,0,12014,5379,0,0,0,0,2861,647,0,0,0,0,0,0,0,0
2026-06-29 22:15:15.593,0,0,3134,253,0,0,0,0,0,0,0,0,0,0,0,0,0,0,0,0,12014,5379,0,0,0,0,2861,647,0,0,0,0,0,0,0,0
2026-06-29 22:15:15.595,0,0,3134,253,0,0,0,0,0,0,0,0,0,0,0,0,0,0,0,0,10175,4179,0,0,0,0,2198,156,0,0,0,0,0,0,0,0
2026-06-29 22:15:15.693,0,0,5578,1533,0,0,0,0,457,0,0,0,0,0,0,0,0,0,0,0,0,0,0,0,0,0,0,0,0,0,0,0,0,0,0,0
2026-06-29 22:15:15.697,0,0,5578,1533,0,0,0,0,457,0,0,0,0,0,0,0,0,0,0,0,9192,3537,0,0,0,0,1760,0,0,0,0,0,0,0,0,0
2026-06-29 22:15:15.800,0,0,0,0,0,0,0,0,0,0,0,0,0,0,0,0,0,0,0,0,8427,3111,0,0,0,0,1352,0,0,0,0,0,0,0,0,0
2026-06-29 22:15:15.809,0,0,7637,2927,0,0,0,0,1412,0,0,0,0,0,0,0,0,0,0,0,8427,3111,0,0,0,0,1352,0,0,0,0,0,0,0,0,0
2026-06-29 22:15:15.814,0,0,7637,2927,0,0,0,0,1412,0,0,0,0,0,0,0,0,0,0,0,7482,2525,0,0,0,0,974,0,0,0,0,0,0,0,0,0
2026-06-29 22:15:15.908,0,0,0,0,0,0,0,0,0,0,0,0,0,0,0,0,0,0,0,0,7294,2508,0,0,0,0,825,0,0,0,0,0,0,0,0,0
2026-06-29 22:15:15.917,0,0,8072,3243,0,0,0,0,1764,0,0,0,0,0,0,0,0,0,0,0,7294,2508,0,0,0,0,825,0,0,0,0,0,0,0,0,0
2026-06-29 22:15:16.015,0,0,0,0,0,0,0,0,0,0,0,0,0,0,0,0,0,0,0,0,6812,2292,0,0,0,0,516,0,0,0,0,0,0,0,0,0
2026-06-29 22:15:16.021,0,0,0,0,0,0,0,0,0,0,0,0,0,0,0,0,0,0,0,0,6308,2044,0,0,0,0,292,0,0,0,0,0,0,0,0,0
2026-06-29 22:15:16.025,0,0,0,0,0,0,0,0,0,0,0,0,0,0,0,0,0,0,0,0,5693,1672,0,0,0,0,72,0,0,0,0,0,0,0,0,0
2026-06-29 22:15:16.121,0,0,0,0,0,0,0,0,0,0,0,0,0,0,0,0,0,0,0,0,5555,1548,0,0,0,0,0,0,0,0,0,0,0,0,0,0
2026-06-29 22:15:16.128,0,0,7739,3146,0,0,0,0,1850,0,0,0,0,0,0,0,0,0,0,0,5555,1548,0,0,0,0,0,0,0,0,0,0,0,0,0,0
2026-06-29 22:15:16.229,0,0,8371,3592,0,0,0,0,2203,0,0,0,0,0,0,0,0,0,0,0,0,0,0,0,0,0,0,0,0,0,0,0,0,0,0,0
2026-06-29 22:15:16.238,0,0,8371,3592,0,0,0,0,2203,0,0,0,0,0,0,0,0,0,0,0,5859,1893,0,0,0,0,71,0,0,0,0,0,0,0,0,0
2026-06-29 22:15:16.239,0,0,8263,3506,0,0,0,0,2316,18,0,0,0,0,0,0,0,0,0,0,5889,1851,0,0,0,0,157,0,0,0,0,0,0,0,0,0
2026-06-29 22:15:16.337,0,0,8296,3568,0,0,0,0,2478,140,0,0,0,0,0,0,0,0,0,0,0,0,0,0,0,0,0,0,0,0,0,0,0,0,0,0
2026-06-29 22:15:16.344,0,0,8296,3568,0,0,0,0,2478,140,0,0,0,0,0,0,0,0,0,0,6147,2037,0,0,0,0,70,0,0,0,0,0,0,0,0,0
2026-06-29 22:15:16.349,0,0,8473,3525,0,0,0,0,2351,227,0,0,0,0,0,0,0,0,0,0,6147,2037,0,0,0,0,70,0,0,0,0,0,0,0,0,0
2026-06-29 22:15:16.445,0,0,8304,3458,0,0,0,0,2388,198,0,0,0,0,0,0,0,0,0,0,0,0,0,0,0,0,0,0,0,0,0,0,0,0,0,0
2026-06-29 22:15:16.449,0,0,8304,3458,0,0,0,0,2388,198,0,0,0,0,0,0,0,0,0,0,6836,2342,0,0,0,0,0,0,0,0,0,0,0,0,0,0
2026-06-29 22:15:16.451,0,0,8316,3613,0,0,0,0,2234,175,0,0,0,0,0,0,0,0,0,0,6836,2342,0,0,0,0,0,0,0,0,0,0,0,0,0,0
2026-06-29 22:15:16.551,0,0,0,0,0,0,0,0,0,0,0,0,0,0,0,0,0,0,0,0,5921,2037,0,0,0,0,0,0,0,0,0,0,0,0,0,0
2026-06-29 22:15:16.555,0,0,7301,2977,0,0,0,0,1728,0,0,0,0,0,0,0,0,0,0,0,5921,2037,0,0,0,0,0,0,0,0,0,0,0,0,0,0
2026-06-29 22:15:16.556,0,0,7301,2977,0,0,0,0,1728,0,0,0,0,0,0,0,0,0,0,0,4207,984,0,0,0,0,0,0,0,0,0,0,0,0,0,0
2026-06-29 22:15:16.558,0,0,5144,1572,0,0,0,0,661,0,0,0,0,0,0,0,0,0,0,0,4207,984,0,0,0,0,0,0,0,0,0,0,0,0,0,0
2026-06-29 22:15:16.656,0,0,0,0,0,0,0,0,0,0,0,0,0,0,0,0,0,0,0,0,1923,0,0,0,0,0,0,0,0,0,0,0,0,0,0,0
2026-06-29 22:15:16.663,0,0,3659,608,0,0,0,0,0,0,0,0,0,0,0,0,0,0,0,0,1923,0,0,0,0,0,0,0,0,0,0,0,0,0,0,0
2026-06-29 22:15:16.761,0,0,1762,0,0,0,0,0,0,0,0,0,0,0,0,0,0,0,0,0,0,0,0,0,0,0,0,0,0,0,0,0,0,0,0,0
2026-06-29 22:15:16.767,0,0,741,0,0,0,0,0,0,0,0,0,0,0,0,0,0,0,0,0,0,0,0,0,0,0,0,0,0,0,0,0,0,0,0,0
2026-06-29 22:15:16.769,0,0,741,0,0,0,0,0,0,0,0,0,0,0,0,0,0,0,0,0,280,0,0,0,0,0,0,0,0,0,0,0,0,0,0,0
2026-06-29 22:15:16.770,0,0,238,0,0,0,0,0,0,0,0,0,0,0,0,0,0,0,0,0,280,0,0,0,0,0,0,0,0,0,0,0,0,0,0,0
2026-06-29 22:15:16.869,0,0,0,0,0,0,0,0,0,0,0,0,0,0,0,0,0,0,0,0,0,0,0,0,0,0,0,0,0,0,0,0,0,0,0,0
2026-06-29 22:15:16.874,0,0,0,0,0,0,0,0,0,0,0,0,0,0,0,0,0,0,0,0,0,0,0,0,0,0,0,0,0,0,0,0,0,0,0,0
2026-06-29 22:15:16.877,0,0,0,0,0,0,0,0,0,0,0,0,0,0,0,0,0,0,0,0,0,0,0,0,0,0,0,0,0,0,0,0,0,0,0,0
2026-06-29 22:15:16.881,0,0,0,0,0,0,0,0,0,0,0,0,0,0,0,0,0,0,0,0,0,0,0,0,0,0,0,0,0,0,0,0,0,0,0,0
2026-06-29 22:15:16.976,0,0,0,0,0,0,0,0,0,0,0,0,0,0,0,0,0,0,0,0,0,0,0,0,0,0,0,0,0,0,0,0,0,0,0,0
2026-06-29 22:15:16.987,0,0,0,0,0,0,0,0,0,0,0,0,0,0,0,0,0,0,0,0,0,0,0,0,0,0,0,0,0,0,0,0,0,0,0,0
2026-06-29 22:15:17.081,0,0,0,0,0,0,0,0,0,0,0,0,0,0,0,0,0,0,0,0,0,0,0,0,0,0,0,0,0,0,0,0,0,0,0,0
2026-06-29 22:15:17.084,0,0,0,0,0,0,0,0,0,0,0,0,0,0,0,0,0,0,0,0,0,0,0,0,0,0,0,0,0,0,0,0,0,0,0,0
2026-06-29 22:15:17.085,0,0,0,0,0,0,0,0,0,0,0,0,0,0,0,0,0,0,0,0,0,0,0,0,0,0,0,0,0,0,0,0,0,0,0,0
2026-06-29 22:15:17.184,0,0,0,0,0,0,0,0,0,0,0,0,0,0,0,0,0,0,0,0,0,0,0,0,0,0,0,0,0,0,0,0,0,0,0,0
2026-06-29 22:15:17.192,0,0,0,0,0,0,0,0,0,0,0,0,0,0,0,0,0,0,0,0,0,0,0,0,0,0,0,0,0,0,0,0,0,0,0,0
2026-06-29 22:15:17.197,0,0,0,0,0,0,0,0,0,0,0,0,0,0,0,0,0,0,0,0,0,0,0,0,0,0,0,0,0,0,0,0,0,0,0,0
2026-06-29 22:15:17.200,0,0,0,0,0,0,0,0,0,0,0,0,0,0,0,0,0,0,0,0,0,0,0,0,0,0,0,0,0,0,0,0,0,0,0,0
2026-06-29 22:15:17.299,0,0,0,0,0,0,0,0,0,0,0,0,0,0,0,0,0,0,0,0,0,0,0,0,0,0,0,0,0,0,0,0,0,0,0,0
2026-06-29 22:15:17.308,0,0,0,0,0,0,0,0,0,0,0,0,0,0,0,0,0,0,0,0,0,0,0,0,0,0,0,0,0,0,0,0,0,0,0,0
2026-06-29 22:15:17.311,0,0,0,0,0,0,0,0,0,0,0,0,0,0,0,0,0,0,0,0,0,0,0,0,0,0,0,0,0,0,0,0,0,0,0,0
2026-06-29 22:15:17.405,0,0,0,0,0,0,0,0,0,0,0,0,0,0,0,0,0,0,0,0,0,0,0,0,0,0,0,0,0,0,0,0,0,0,0,0
2026-06-29 22:15:17.412,0,0,0,0,0,0,0,0,0,0,0,0,0,0,0,0,0,0,0,0,0,0,0,0,0,0,0,0,0,0,0,0,0,0,0,0
2026-06-29 22:15:17.416,0,0,0,0,0,0,0,0,0,0,0,0,0,0,0,0,0,0,0,0,0,0,0,0,0,0,0,0,0,0,0,0,0,0,0,0
2026-06-29 22:15:17.511,0,0,0,0,0,0,0,0,0,0,0,0,0,0,0,0,0,0,0,0,0,0,0,0,0,0,0,0,0,0,0,0,0,0,0,0
2026-06-29 22:15:17.513,0,0,0,0,0,0,0,0,0,0,0,0,0,0,0,0,0,0,0,0,0,0,0,0,0,0,0,0,0,0,0,0,0,0,0,0
2026-06-29 22:15:17.515,0,0,0,0,0,0,0,0,0,0,0,0,0,0,0,0,0,0,0,0,0,0,0,0,0,0,0,0,0,0,0,0,0,0,0,0
2026-06-29 22:15:17.518,0,0,0,0,0,0,0,0,0,0,0,0,0,0,0,0,0,0,0,0,0,0,0,0,0,0,0,0,0,0,0,0,0,0,0,0
2026-06-29 22:15:17.523,0,0,0,0,0,0,0,0,0,0,0,0,0,0,0,0,0,0,0,0,0,0,0,0,0,0,0,0,0,0,0,0,0,0,0,0
2026-06-29 22:15:17.620,0,0,0,0,0,0,0,0,0,0,0,0,0,0,0,0,0,0,0,0,0,0,0,0,0,0,0,0,0,0,0,0,0,0,0,0
2026-06-29 22:15:17.624,0,0,0,0,0,0,0,0,0,0,0,0,0,0,0,0,0,0,0,0,0,0,0,0,0,0,0,0,0,0,0,0,0,0,0,0
2026-06-29 22:15:17.625,0,0,0,0,0,0,0,0,0,0,0,0,0,0,0,0,0,0,0,0,0,0,0,0,0,0,0,0,0,0,0,0,0,0,0,0
2026-06-29 22:15:17.723,0,0,0,0,0,0,0,0,0,0,0,0,0,0,0,0,0,0,0,0,0,0,0,0,0,0,0,0,0,0,0,0,0,0,0,0
2026-06-29 22:15:17.730,0,0,0,0,0,0,0,0,0,0,0,0,0,0,0,0,0,0,0,0,0,0,0,0,0,0,0,0,0,0,0,0,0,0,0,0
2026-06-29 22:15:17.830,0,0,0,0,0,0,0,0,0,0,0,0,0,0,0,0,0,0,0,0,0,0,0,0,0,0,0,0,0,0,0,0,0,0,0,0
2026-06-29 22:15:17.838,0,0,0,0,0,0,0,0,0,0,0,0,0,0,0,0,0,0,0,0,0,0,0,0,0,0,0,0,0,0,0,0,0,0,0,0
2026-06-29 22:15:17.939,0,0,0,0,0,0,0,0,0,0,0,0,0,0,0,0,0,0,0,0,0,0,0,0,0,0,0,0,0,0,0,0,0,0,0,0
2026-06-29 22:15:17.947,0,0,0,0,0,0,0,0,0,0,0,0,0,0,0,0,0,0,0,0,0,0,0,0,0,0,0,0,0,0,0,0,0,0,0,0
2026-06-29 22:15:17.948,0,0,0,0,0,0,0,0,0,0,0,0,0,0,0,0,0,0,0,0,0,0,0,0,0,0,0,0,0,0,0,0,0,0,0,0
2026-06-29 22:15:17.952,0,0,0,0,0,0,0,0,0,0,0,0,0,0,0,0,0,0,0,0,0,0,0,0,0,0,0,0,0,0,0,0,0,0,0,0
2026-06-29 22:15:18.044,0,0,0,0,0,0,0,0,0,0,0,0,0,0,0,0,0,0,0,0,0,0,0,0,0,0,0,0,0,0,0,0,0,0,0,0
2026-06-29 22:15:18.047,0,0,0,0,0,0,0,0,0,0,0,0,0,0,0,0,0,0,0,0,0,0,0,0,0,0,0,0,0,0,0,0,0,0,0,0
2026-06-29 22:15:18.049,0,0,0,0,0,0,0,0,0,0,0,0,0,0,0,0,0,0,0,0,0,0,0,0,0,0,0,0,0,0,0,0,0,0,0,0
2026-06-29 22:15:18.147,0,0,0,0,0,0,0,0,0,0,0,0,0,0,0,0,0,0,0,0,0,0,0,0,0,0,0,0,0,0,0,0,0,0,0,0
2026-06-29 22:15:18.151,0,0,0,0,0,0,0,0,0,0,0,0,0,0,0,0,0,0,0,0,0,0,0,0,0,0,0,0,0,0,0,0,0,0,0,0
2026-06-29 22:15:18.152,0,0,0,0,0,0,0,0,0,0,0,0,0,0,0,0,0,0,0,0,0,0,0,0,0,0,0,0,0,0,0,0,0,0,0,0
2026-06-29 22:15:18.154,0,0,0,0,0,0,0,0,0,0,0,0,0,0,0,0,0,0,0,0,0,0,0,0,0,0,0,0,0,0,0,0,0,0,0,0