Frequency_Hz,Ratio_Mean,Ratio_Std,Ratio_Mean_dB,Phase_Mean_deg,Phase_Std_deg,Time_Delay_Mean_ms,Ratio_run14,Ratio_run15,Ratio_run16,Phase_run14,Phase_run15,Phase_run16
0.5000,0.9943,0.0023,-0.0494,-2.2653,0.2088,12.5848,0.9964,0.9947,0.9919,-2.0289,-2.3423,-2.4247
1.0000,0.9886,0.0027,-0.0999,-5.1830,0.1036,14.3973,0.9906,0.9855,0.9896,-5.0634,-5.2450,-5.2407
2.0000,0.9849,0.0031,-0.1320,-10.7974,0.0416,14.9964,0.9875,0.9858,0.9815,-10.7689,-10.7782,-10.8452
3.0000,0.9851,0.0026,-0.1304,-16.2917,0.0669,15.0849,0.9872,0.9859,0.9822,-16.2895,-16.2259,-16.3596
4.0000,0.9835,0.0016,-0.1445,-21.6361,0.1191,15.0251,0.9852,0.9834,0.9819,-21.6048,-21.5358,-21.7678
5.0000,0.9819,0.0019,-0.1582,-27.2351,0.1567,15.1306,0.9836,0.9824,0.9799,-27.3051,-27.3447,-27.0556
6.0000,0.9808,0.0028,-0.1686,-32.7053,0.0729,15.1413,0.9830,0.9817,0.9776,-32.7460,-32.7488,-32.6211
8.0000,0.9806,0.0038,-0.1698,-43.4915,0.0128,15.1012,0.9839,0.9814,0.9765,-43.4895,-43.4798,-43.5053
10.0000,0.9819,0.0100,-0.1590,-54.7177,0.5861,15.1994,0.9914,0.9828,0.9714,-55.3776,-54.5177,-54.2577
