Timestamp,Relative_Time,IMU1_Pitch,IMU2_Pitch,Difference
1782863335.1230464,0.0022430419921875,89.3,89.57,-0.269999999999996
1782863335.123881,0.0030777454376220703,89.32,89.57,-0.25
1782863335.1246953,0.0038919448852539062,89.29,89.57,-0.2799999999999869
1782863335.1254995,0.0046961307525634766,89.34,89.57,-0.22999999999998977
1782863335.1264665,0.005663156509399414,89.34,-0.3,89.64
1782863335.127276,0.006472587585449219,0.54,-0.3,0.8400000000000001
1782863335.128087,0.007283687591552734,0.54,-0.3,0.8400000000000001
1782863335.1289065,0.008103132247924805,0.54,-0.3,0.8400000000000001
1782863335.129718,0.008914709091186523,0.54,-0.3,0.8400000000000001
1782863335.1305285,0.009725093841552734,0.54,-0.3,0.8400000000000001
1782863335.1313386,0.010535240173339844,0.54,-0.3,0.8400000000000001
1782863335.1321597,0.011356353759765625,0.54,-0.3,0.8400000000000001
1782863335.1329758,0.012172460556030273,0.54,-0.3,0.8400000000000001
1782863335.1353612,0.014557838439941406,0.54,-0.3,0.8400000000000001
1782863335.140263,0.01945972442626953,0.54,-0.3,0.8400000000000001
1782863335.1448221,0.02401876449584961,0.54,-0.3,0.8400000000000001
1782863335.149216,0.028412580490112305,0.51,-0.31,0.8200000000000001
1782863335.153295,0.03249168395996094,0.54,-0.3,0.8400000000000001
1782863335.1593137,0.03851032257080078,0.54,-0.3,0.8400000000000001
1782863335.2278788,0.10707545280456543,0.54,-0.3,0.8400000000000001
1782863335.3019273,0.18112397193908691,0.54,-0.3,0.8400000000000001
1782863335.37622,0.2554166316986084,0.54,-0.3,0.8400000000000001
1782863335.4504142,0.32961082458496094,0.54,-0.3,0.8400000000000001
1782863335.523843,0.40303969383239746,0.54,-0.3,0.8400000000000001
1782863335.5984762,0.477672815322876,0.54,-0.3,0.8400000000000001
1782863335.6719432,0.5511398315429688,0.54,-0.3,0.8400000000000001
1782863335.7458465,0.6250431537628174,0.54,-0.3,0.8400000000000001
1782863335.8198392,0.6990358829498291,0.54,-0.3,0.8400000000000001
1782863335.8938196,0.7730162143707275,0.53,-0.3,0.8300000000000001
1782863335.9678197,0.8470163345336914,0.52,-0.31,0.8300000000000001
1782863336.0419896,0.9211862087249756,0.52,-0.3,0.8200000000000001
1782863336.116409,0.9956057071685791,0.52,-0.32,0.8400000000000001
1782863336.190788,1.0699846744537354,0.53,-0.31,0.8400000000000001
1782863336.2638652,1.143061876296997,0.52,-0.32,0.8400000000000001
1782863336.3378196,1.2170162200927734,0.52,-0.32,0.8400000000000001
1782863336.4127128,1.2919094562530518,0.51,-0.33,0.8400000000000001
1782863336.485946,1.365142583847046,0.51,-0.33,0.8400000000000001
1782863336.56071,1.4399065971374512,0.51,-0.32,0.8300000000000001
1782863336.6338942,1.5130908489227295,0.5,-0.33,0.8300000000000001
1782863336.7078414,1.5870380401611328,0.51,-0.33,0.8400000000000001
1782863336.782404,1.6616005897521973,0.53,-0.32,0.8500000000000001
1782863336.8558488,1.7350454330444336,0.54,-0.31,0.8500000000000001
1782863336.9299467,1.809143304824829,0.65,-0.22,0.87
1782863337.0038192,1.8830158710479736,2.89,2.68,0.20999999999999996
1782863337.0783913,1.9575879573822021,7.8,7.12,0.6799999999999997
1782863337.151843,2.0310397148132324,14.18,14.65,-0.47000000000000064
1782863337.2258458,2.1050424575805664,22.23,22.93,-0.6999999999999993
1782863337.3006203,2.179816961288452,31.72,31.22,0.5
1782863337.3743796,2.2535762786865234,39.43,39.96,-0.5300000000000011
1782863337.4479425,2.327139139175415,47.41,46.81,0.5999999999999943
1782863337.5219355,2.401132106781006,52.71,52.73,-0.01999999999999602
1782863337.5959377,2.4751343727111816,56.44,56.21,0.22999999999999687
1782863337.670017,2.5492136478424072,59.9,59.19,0.7100000000000009
1782863337.743876,2.623072624206543,62.65,62.23,0.4200000000000017
1782863337.8179061,2.6971027851104736,65.67,64.96,0.710000000000008
1782863337.8923852,2.7715818881988525,68.32,67.61,0.7099999999999937
1782863337.9658434,2.8450400829315186,70.61,70.25,0.35999999999999943
1782863338.0398977,2.9190943241119385,73.28,72.57,0.710000000000008
1782863338.113856,2.9930527210235596,75.09,74.61,0.480000000000004
1782863338.1878865,3.0670831203460693,76.62,75.88,0.7400000000000091
1782863338.2619493,3.141145944595337,77.61,77.01,0.5999999999999943
1782863338.3358438,3.215040445327759,78.72,78.24,0.480000000000004
1782863338.4103775,3.289574146270752,80.2,79.51,0.6899999999999977
1782863338.484422,3.3636186122894287,81.44,80.98,0.45999999999999375
1782863338.5578272,3.437023878097534,82.72,82.05,0.6700000000000017
1782863338.6319535,3.5111501216888428,83.71,83.09,0.6199999999999903
1782863338.705971,3.585167646408081,84.11,83.45,0.6599999999999966
1782863338.7806487,3.6598453521728516,84.17,83.49,0.6800000000000068
1782863338.8538427,3.733039379119873,84.19,83.51,0.6799999999999926
1782863338.9279068,3.807103395462036,84.34,83.69,0.6500000000000057
1782863339.0024695,3.8816661834716797,84.98,84.49,0.4900000000000091
1782863339.0763814,3.955578088760376,85.82,85.33,0.4899999999999949
1782863339.149955,4.029151678085327,86.17,85.57,0.6000000000000085
1782863339.2240524,4.1032490730285645,86.2,85.58,0.6200000000000045
1782863339.297849,4.177045583724976,86.54,85.95,0.5900000000000034
1782863339.372746,4.2519426345825195,86.97,86.47,0.5
1782863339.4459426,4.325139284133911,87.41,86.93,0.47999999999998977
1782863339.519823,4.399019718170166,87.64,87.09,0.5499999999999972
1782863339.5939283,4.473124980926514,87.87,87.36,0.5100000000000051
1782863339.6685214,4.547718048095703,88.15,87.61,0.5400000000000063
1782863339.7421198,4.621316432952881,88.36,87.92,0.4399999999999977
1782863339.8159595,4.695156097412109,88.37,87.9,0.46999999999999886
1782863339.8899457,4.769142389297485,88.35,87.9,0.44999999999998863
1782863339.9638586,4.843055248260498,88.36,87.91,0.45000000000000284
1782863340.0379767,4.917173385620117,88.34,87.91,0.4300000000000068
1782863340.1122227,4.991419315338135,88.5,88.16,0.3400000000000034
1782863340.1858993,5.065095901489258,88.88,88.62,0.2599999999999909
1782863340.2602596,5.139456272125244,89.2,88.94,0.2600000000000051
1782863340.333928,5.213124752044678,89.17,88.89,0.28000000000000114
1782863340.408024,5.28722071647644,89.06,88.89,0.1700000000000017
1782863340.4825013,5.3616979122161865,89.1,88.89,0.20999999999999375
1782863340.5558312,5.435027837753296,89.12,88.88,0.2400000000000091
1782863340.6303647,5.50956130027771,89.09,88.84,0.25
1782863340.7044027,5.583599328994751,89.07,88.85,0.21999999999999886
1782863340.7779799,5.657176494598389,89.14,88.82,0.3200000000000074
1782863340.852492,5.731688737869263,89.09,88.78,0.3100000000000023
1782863340.9271595,5.806356191635132,88.39,87.74,0.6500000000000057
1782863341.0000792,5.879275798797607,84.82,84.26,0.5599999999999881
1782863341.075369,5.954565525054932,78.68,76.87,1.8100000000000023
1782863341.1491416,6.028338193893433,69.47,68.68,0.789999999999992
1782863341.222904,6.102100610733032,59.6,57.06,2.539999999999999
1782863341.2972,6.176396608352661,48.12,45.52,2.5999999999999943
1782863341.3711655,6.250362157821655,34.2,33.28,0.9200000000000017
1782863341.4452007,6.324397325515747,21.79,18.98,2.8099999999999987
1782863341.5191772,6.39837384223938,8.97,8.15,0.8200000000000003
1782863341.5922394,6.471436023712158,0.35,-0.74,1.0899999999999999
1782863341.6658278,6.545024394989014,-0.1,-0.47,0.37
1782863341.7398956,6.619092226028442,-0.08,-0.46,0.38
1782863341.8141959,6.693392515182495,-0.12,-0.45,0.33
1782863341.888029,6.767225742340088,-0.13,-0.44,0.31
1782863341.9618485,6.841045141220093,-0.15,-0.44,0.29000000000000004
1782863342.0367405,6.915937185287476,-0.14,-0.42,0.27999999999999997
1782863342.1098933,6.9890899658203125,-0.13,-0.42,0.29
1782863342.1843402,7.063536882400513,-0.12,-0.43,0.31
1782863342.2578924,7.137089014053345,-0.06,-0.42,0.36
1782863342.3318286,7.211025238037109,0.9,0.85,0.050000000000000044
1782863342.4058251,7.285021781921387,4.02,4.52,-0.5
1782863342.4802334,7.3594300746917725,11.68,11.62,0.0600000000000005
1782863342.5545654,7.433762073516846,20.48,21.77,-1.2899999999999991
1782863342.6286054,7.5078020095825195,32.5,32.56,-0.060000000000002274
1782863342.7027435,7.581940174102783,43.63,45.26,-1.6299999999999955
1782863342.775849,7.655045747756958,54.09,55.35,-1.259999999999998
1782863342.8498826,7.729079246520996,63.26,63.22,0.03999999999999915
1782863342.9243963,7.803592920303345,68.93,69.4,-0.46999999999999886
1782863342.9978259,7.8770225048065186,72.71,72.48,0.22999999999998977
1782863343.0719318,7.9511284828186035,74.6,74.53,0.06999999999999318
1782863343.1462116,8.025408267974854,76.07,76.01,0.05999999999998806
1782863343.220534,8.099730730056763,77.65,77.4,0.25
1782863343.293879,8.173075675964355,79.05,79.07,-0.01999999999999602
1782863343.368161,8.247357606887817,80.64,80.41,0.23000000000000398
1782863343.4419794,8.321176052093506,81.96,81.83,0.12999999999999545
1782863343.5159507,8.395147323608398,82.58,82.4,0.1799999999999926
1782863343.5900025,8.469199180603027,83.5,83.27,0.23000000000000398
1782863343.6638317,8.543028354644775,84.8,84.77,0.030000000000001137
1782863343.7388809,8.618077516555786,86.26,86.08,0.18000000000000682
1782863343.8129973,8.692193984985352,87.19,87.2,-0.010000000000005116
1782863343.8867848,8.765981435775757,87.74,87.71,0.030000000000001137
1782863343.9608498,8.840046405792236,87.83,87.73,0.09999999999999432
1782863344.0354915,8.914688110351562,88.04,87.97,0.07000000000000739
1782863344.108857,8.988053560256958,88.16,88.05,0.10999999999999943
1782863344.182931,9.062127590179443,88.17,88.04,0.12999999999999545
1782863344.2568016,9.135998249053955,88.16,88.04,0.11999999999999034
1782863344.3308256,9.210022211074829,88.13,88.02,0.10999999999999943
1782863344.4052968,9.284493446350098,88.15,88.02,0.13000000000000966
1782863344.478847,9.358043670654297,88.18,88.04,0.14000000000000057
1782863344.5527825,9.431979179382324,88.15,88.03,0.12000000000000455
1782863344.627158,9.506354570388794,88.1,88.0,0.09999999999999432
1782863344.7007852,9.579981803894043,88.05,87.97,0.0799999999999983
1782863344.7747853,9.653981924057007,87.98,87.95,0.030000000000001137
1782863344.8488896,9.728086233139038,88.0,87.96,0.04000000000000625
1782863344.9235125,9.802709102630615,88.04,87.97,0.07000000000000739
1782863344.9968107,9.876007318496704,88.07,88.01,0.05999999999998806
1782863345.0711415,9.950338125228882,88.07,87.98,0.0899999999999892
1782863345.1454391,10.024635791778564,87.84,87.63,0.21000000000000796
1782863345.2191873,10.098383903503418,83.36,82.93,0.4299999999999926
1782863345.292894,10.172090530395508,73.79,71.38,2.410000000000011
1782863345.367385,10.246581554412842,59.92,56.75,3.1700000000000017
1782863345.4417121,10.320908784866333,41.0,40.08,0.9200000000000017
1782863345.5148435,10.39404010772705,23.71,20.48,3.2300000000000004
1782863345.5888941,10.468090772628784,6.99,6.28,0.71
1782863345.661927,10.541123628616333,-1.06,-0.5,-0.56
1782863345.7358866,10.61508321762085,-0.32,-0.47,0.14999999999999997
1782863345.8103988,10.689595460891724,-0.33,-0.48,0.14999999999999997
1782863345.8838503,10.763046979904175,-0.33,-0.48,0.14999999999999997
1782863345.958132,10.837328672409058,-0.3,-0.49,0.19
1782863346.0322244,10.911421060562134,0.11,0.37,-0.26
1782863346.1069102,10.986106872558594,4.87,5.81,-0.9399999999999995
1782863346.1799726,11.059169292449951,14.16,14.31,-0.15000000000000036
1782863346.2539763,11.133172988891602,24.09,26.14,-2.0500000000000007
1782863346.3292077,11.208404302597046,38.89,39.22,-0.3299999999999983
1782863346.401852,11.28104853630066,52.15,54.2,-2.0500000000000043
1782863346.4769526,11.356149196624756,63.26,64.88,-1.6199999999999974
1782863346.5512679,11.430464506149292,73.44,73.59,-0.15000000000000568
1782863346.6255033,11.504699945449829,80.17,81.02,-0.8499999999999943
1782863346.6989393,11.578135967254639,85.03,85.06,-0.030000000000001137
1782863346.7733176,11.652514219284058,86.99,87.09,-0.10000000000000853
1782863346.8472512,11.726447820663452,87.61,87.61,0.0
1782863346.9209151,11.800111770629883,87.72,87.67,0.04999999999999716
1782863346.9948192,11.874015808105469,87.75,87.68,0.06999999999999318
1782863347.069169,11.948365688323975,87.94,87.9,0.03999999999999204
1782863347.1433086,12.022505283355713,88.08,88.08,0.0
1782863347.2177274,12.096924066543579,88.2,88.16,0.04000000000000625
1782863347.2909107,12.170107364654541,88.21,88.16,0.04999999999999716
1782863347.3648758,12.244072437286377,88.21,88.18,0.029999999999986926
1782863347.4388614,12.318058013916016,88.21,88.17,0.03999999999999204
1782863347.5131626,12.392359256744385,88.27,88.28,-0.010000000000005116
1782863347.5871816,12.466378211975098,88.31,88.31,0.0
1782863347.66131,12.540506601333618,88.38,88.39,-0.010000000000005116
1782863347.7349129,12.614109516143799,88.44,88.45,-0.010000000000005116
1782863347.8088322,12.688028812408447,88.57,88.53,0.03999999999999204
1782863347.8828042,12.762000799179077,88.71,88.62,0.0899999999999892
1782863347.9569461,12.836142778396606,88.6,88.7,-0.10000000000000853
1782863348.0308714,12.910068035125732,88.62,88.66,-0.03999999999999204
1782863348.1052005,12.984397172927856,88.58,88.63,-0.04999999999999716
1782863348.1788568,13.058053493499756,88.41,88.6,-0.18999999999999773
1782863348.2532556,13.132452249526978,88.24,88.49,-0.25
1782863348.3273127,13.206509351730347,87.13,86.72,0.4099999999999966
1782863348.4008522,13.280048847198486,81.91,81.68,0.22999999999998977
1782863348.4752486,13.354445219039917,72.27,70.21,2.0600000000000023
1782863348.5488522,13.428048849105835,56.24,55.53,0.7100000000000009
1782863348.623546,13.502742528915405,34.41,30.11,4.299999999999997
1782863348.6976197,13.576816320419312,11.32,7.45,3.87
1782863348.7714596,13.65065622329712,-0.58,-0.5,-0.07999999999999996
1782863348.8450844,13.724281072616577,-0.54,-0.5,-0.040000000000000036
1782863348.9193716,13.79856824874878,-0.5,-0.49,-0.010000000000000009
1782863348.992837,13.872033596038818,-0.32,-0.13,-0.19
1782863349.067162,13.946358680725098,5.17,6.68,-1.5099999999999998
1782863349.1411798,14.020376443862915,16.81,17.28,-0.4700000000000024
1782863349.2149367,14.094133377075195,30.58,33.11,-2.530000000000001
1782863349.289148,14.168344736099243,46.07,46.6,-0.5300000000000011
1782863349.3630207,14.242217302322388,56.96,58.69,-1.7299999999999969
1782863349.4368083,14.316004991531372,64.82,66.07,-1.25
1782863349.5107899,14.389986515045166,70.81,71.05,-0.23999999999999488
1782863349.5848384,14.464035034179688,75.39,76.23,-0.8400000000000034
1782863349.6590853,14.538281917572021,79.8,80.04,-0.2400000000000091
1782863349.7328877,14.61208438873291,82.47,83.06,-0.5900000000000034
1782863349.8073452,14.68654179573059,84.29,84.6,-0.30999999999998806
1782863349.8807878,14.759984493255615,84.95,85.09,-0.14000000000000057
1782863349.9552083,14.834404945373535,85.02,85.18,-0.1600000000000108
1782863350.0291982,14.908394813537598,85.62,85.78,-0.1599999999999966
1782863350.1028638,14.982060432434082,86.85,87.23,-0.38000000000000966
1782863350.177141,15.056337594985962,87.99,88.4,-0.4100000000000108
1782863350.2511787,15.130375385284424,88.43,88.68,-0.25
1782863350.3249133,15.204109907150269,88.44,88.69,-0.25
1782863350.3992152,15.278411865234375,88.44,88.71,-0.269999999999996
1782863350.473252,15.35244870185852,88.45,88.73,-0.28000000000000114
1782863350.5469108,15.426107406616211,88.44,88.72,-0.28000000000000114
1782863350.620908,15.500104665756226,88.35,88.68,-0.3300000000000125
1782863350.695197,15.57439374923706,88.16,88.54,-0.38000000000000966
1782863350.7688603,15.648056983947754,86.63,86.84,-0.21000000000000796
1782863350.842966,15.72216272354126,80.97,79.65,1.3199999999999932
1782863350.9174037,15.796600341796875,70.92,68.83,2.0900000000000034
1782863350.9908311,15.870027780532837,55.0,54.54,0.46000000000000085
1782863351.0649307,15.944127321243286,38.11,35.17,2.9399999999999977
1782863351.138859,16.01805567741394,20.06,19.63,0.4299999999999997
1782863351.2129102,16.092106819152832,6.8,4.95,1.8499999999999996
1782863351.2871988,16.16639542579651,-1.82,-0.52,-1.3
1782863351.3608973,16.24009394645691,-0.55,-0.39,-0.16000000000000003
1782863351.434814,16.314010620117188,-0.52,-0.4,-0.12
1782863351.5096636,16.38886022567749,1.2,1.55,-0.3500000000000001
1782863351.5831265,16.46232318878174,9.07,11.16,-2.09
1782863351.6572824,16.536478996276855,20.81,23.47,-2.66
1782863351.7315547,16.610751390457153,37.18,37.85,-0.6700000000000017
1782863351.8049042,16.68410086631775,50.05,52.21,-2.1600000000000037
1782863351.8789222,16.758118867874146,62.04,62.57,-0.5300000000000011
1782863351.9532514,16.83244800567627,70.48,72.0,-1.519999999999996
1782863352.0270967,16.906293392181396,76.98,78.09,-1.1099999999999994
1782863352.1007931,16.979989767074585,82.0,82.33,-0.3299999999999983
1782863352.1754353,17.05463194847107,84.79,85.47,-0.6799999999999926
1782863352.2489076,17.128104209899902,87.12,87.42,-0.29999999999999716
1782863352.3232353,17.20243191719055,88.06,88.39,-0.3299999999999983
1782863352.3973854,17.27658200263977,88.16,88.42,-0.2600000000000051
1782863352.4708953,17.3500919342041,88.19,88.43,-0.2400000000000091
1782863352.545499,17.42469573020935,88.17,88.43,-0.2600000000000051
1782863352.6194947,17.49869132041931,88.14,88.46,-0.3199999999999932
1782863352.6928601,17.572056770324707,88.17,88.53,-0.35999999999999943
1782863352.7669137,17.64611029624939,88.24,88.59,-0.3500000000000085
1782863352.8410175,17.720214128494263,88.44,88.78,-0.3400000000000034
1782863352.9153469,17.794543504714966,88.64,89.04,-0.4000000000000057
1782863352.9887965,17.867993116378784,88.8,89.22,-0.4200000000000017
1782863353.0633175,17.942514181137085,88.73,89.2,-0.46999999999999886
1782863353.137258,18.016454696655273,88.74,89.17,-0.4300000000000068
1782863353.2110934,18.090290069580078,88.38,88.91,-0.5300000000000011
1782863353.284866,18.16406273841858,84.97,84.15,0.8199999999999932
1782863353.358838,18.23803472518921,74.92,74.7,0.21999999999999886
1782863353.432945,18.31214165687561,61.56,58.86,2.700000000000003
1782863353.5072207,18.386417388916016,45.24,42.49,2.75
1782863353.5815253,18.460721969604492,26.49,26.04,0.4499999999999993
1782863353.6554496,18.5346462726593,12.31,10.11,2.200000000000001
1782863353.7292628,18.60845947265625,-1.63,-1.73,0.10000000000000009
1782863353.8036382,18.68283486366272,-0.54,-0.35,-0.19000000000000006
1782863353.877236,18.75643253326416,0.02,0.88,-0.86
1782863353.9515996,18.830796241760254,8.76,9.34,-0.5800000000000001
1782863354.025373,18.904569625854492,22.02,24.91,-2.8900000000000006
1782863354.0987968,18.977993488311768,39.45,40.2,-0.75
1782863354.172976,19.052172660827637,53.46,55.97,-2.509999999999998
1782863354.247413,19.126609563827515,65.49,67.76,-2.2700000000000102
1782863354.3212357,19.200432300567627,75.96,76.52,-0.5600000000000023
1782863354.3954446,19.274641275405884,81.03,82.04,-1.0100000000000051
1782863354.4695559,19.34875249862671,84.61,85.05,-0.4399999999999977
1782863354.5427918,19.421988487243652,86.02,86.51,-0.4900000000000091
1782863354.617042,19.496238708496094,86.57,86.94,-0.37000000000000455
1782863354.6910996,19.57029628753662,86.67,86.94,-0.269999999999996
1782863354.764796,19.64399266242981,86.41,86.6,-0.18999999999999773
1782863354.8394327,19.718629360198975,81.31,81.24,0.07000000000000739
1782863354.9128606,19.792057275772095,68.15,65.47,2.680000000000007
1782863354.986805,19.86600160598755,51.64,48.76,2.8800000000000026
1782863355.0609343,19.940130949020386,30.28,29.7,0.5800000000000018
1782863355.1348736,20.01407027244568,11.82,9.06,2.76
1782863355.2094877,20.08868432044983,-1.88,-1.16,-0.72
1782863355.2828875,20.162084102630615,-0.46,-0.22,-0.24000000000000002
1782863355.3572054,20.23640203475952,3.34,5.33,-1.9900000000000002
1782863355.4314616,20.31065821647644,17.77,18.59,-0.8200000000000003
1782863355.5052743,20.38447093963623,35.69,39.25,-3.5600000000000023
1782863355.5788858,20.45808243751526,55.31,56.16,-0.8499999999999943
1782863355.6529412,20.532137870788574,69.92,72.61,-2.6899999999999977
1782863355.726931,20.606127738952637,82.14,84.32,-2.1799999999999926
1782863355.8012545,20.680451154708862,86.66,86.89,-0.23000000000000398
1782863355.8748777,20.754074335098267,84.91,84.92,-0.010000000000005116
1782863355.949545,20.828741550445557,85.21,85.18,0.029999999999986926
1782863356.0232015,20.902398109436035,85.74,85.91,-0.1700000000000017
1782863356.0975354,20.97673201560974,86.35,86.59,-0.2400000000000091
1782863356.171183,21.050379753112793,86.94,87.07,-0.12999999999999545
1782863356.2451928,21.12438941001892,87.33,87.96,-0.6299999999999955
1782863356.3188553,21.198051929473877,84.42,84.62,-0.20000000000000284
1782863356.3933403,21.272536993026733,75.0,72.93,2.069999999999993
1782863356.4672189,21.346415519714355,58.85,55.61,3.240000000000002
1782863356.5408592,21.420055866241455,34.99,34.4,0.5900000000000034
1782863356.6149898,21.494186401367188,13.03,9.61,3.42
1782863356.6888213,21.568017959594727,-1.06,-0.48,-0.5800000000000001
1782863356.7628114,21.642008066177368,-0.57,-0.14,-0.42999999999999994
1782863356.8372104,21.71640706062317,2.65,4.67,-2.02
1782863356.9113903,21.790586948394775,19.01,19.93,-0.9199999999999982
1782863356.984802,21.863998651504517,36.04,39.35,-3.3100000000000023
1782863357.059082,21.938278675079346,52.6,53.42,-0.8200000000000003
1782863357.13336,22.012556552886963,63.7,65.84,-2.1400000000000006
1782863357.2069275,22.086124181747437,72.83,74.56,-1.730000000000004
1782863357.2815158,22.160712480545044,80.45,81.18,-0.730000000000004
1782863357.35559,22.23478674888611,84.56,85.71,-1.1499999999999915
1782863357.4289572,22.308153867721558,86.27,87.05,-0.7800000000000011
1782863357.5027966,22.381993293762207,86.69,87.46,-0.769999999999996
1782863357.5776742,22.456870794296265,86.76,87.44,-0.6799999999999926
1782863357.6509204,22.53011703491211,86.59,87.34,-0.75
1782863357.725342,22.604538679122925,86.57,87.27,-0.7000000000000028
1782863357.7992163,22.678412914276123,86.65,87.38,-0.7299999999999898
1782863357.8735633,22.75275993347168,86.61,87.29,-0.6800000000000068
1782863357.947181,22.826377630233765,86.45,87.06,-0.6099999999999994
1782863358.0216796,22.90087628364563,87.38,87.94,-0.5600000000000023
1782863358.0948524,22.97404909133911,86.76,86.97,-0.20999999999999375
1782863358.1692004,23.048397064208984,84.54,84.85,-0.30999999999998806
1782863358.243443,23.122639656066895,78.56,77.31,1.25
1782863358.3176007,23.196797370910645,65.39,62.5,2.8900000000000006
1782863358.3915207,23.27071738243103,41.59,40.93,0.6600000000000037
1782863358.4652655,23.344462156295776,17.06,13.15,3.9099999999999984
1782863358.5389445,23.41814112663269,-2.97,-2.65,-0.3200000000000003
1782863358.6131876,23.49238419532776,-0.57,-0.34,-0.22999999999999993
1782863358.6871905,23.566387176513672,-0.53,-0.32,-0.21000000000000002
1782863358.760811,23.640007734298706,-0.53,-0.32,-0.21000000000000002
1782863358.8349726,23.71416926383972,-0.53,-0.32,-0.21000000000000002
1782863358.909186,23.788382530212402,-0.51,-0.31,-0.2
1782863358.9828658,23.862062454223633,-0.48,-0.34,-0.13999999999999996
1782863359.0572262,23.93642282485962,-0.5,-0.32,-0.18
1782863359.1309426,24.010139226913452,-0.49,-0.32,-0.16999999999999998
1782863359.2049472,24.08414387702942,-0.48,-0.32,-0.15999999999999998
1782863359.2789338,24.158130407333374,-0.47,-0.31,-0.15999999999999998
1782863359.3530557,24.23225235939026,-0.47,-0.31,-0.15999999999999998
1782863359.4273393,24.306535959243774,-0.46,-0.31,-0.15000000000000002
1782863359.5008392,24.380035877227783,-0.45,-0.31,-0.14
1782863359.5748155,24.454012155532837,-0.44,-0.31,-0.13
1782863359.649191,24.528387546539307,-0.43,-0.31,-0.12
1782863359.7232006,24.602397203445435,-0.42,-0.32,-0.09999999999999998
1782863359.796942,24.676138639450073,-0.42,-0.32,-0.09999999999999998
1782863359.8711998,24.750396490097046,-0.41,-0.31,-0.09999999999999998
1782863359.9454436,24.82464027404785,-0.39,-0.31,-0.08000000000000002
1782863360.0196881,24.898884773254395,-0.38,-0.31,-0.07
1782863360.0932753,24.972471952438354,-0.37,-0.31,-0.06
1782863360.1674654,25.046662092208862,-0.36,-0.31,-0.04999999999999999
1782863360.2412915,25.120488166809082,-0.35,-0.31,-0.03999999999999998
1782863360.3151972,25.19439387321472,-0.34,-0.31,-0.030000000000000027
1782863360.3902166,25.269413232803345,-0.32,-0.31,-0.010000000000000009
1782863360.4629261,25.342122793197632,-0.31,-0.31,0.0
1782863360.536803,25.4159996509552,-0.3,-0.31,0.010000000000000009
1782863360.6111696,25.490366220474243,-0.29,-0.31,0.020000000000000018
