Timestamp,IMU1_Roll,IMU1_Pitch,IMU1_Yaw,IMU1_AccX,IMU1_AccY,IMU1_AccZ,IMU1_GyroX,IMU1_GyroY,IMU1_GyroZ,IMU2_Roll,IMU2_Pitch,IMU2_Yaw,IMU2_AccX,IMU2_AccY,IMU2_AccZ,IMU2_GyroX,IMU2_GyroY,IMU2_GyroZ
1782855262.780867,,,,,,,,,,-0.48,-0.28,-47.1,0.05,-0.08,9.79,0.09,-0.18,-0.14
1782855262.7859006,1.51,1.11,-62.88,-0.19,0.26,9.76,0.08,0.39,0.14,-0.48,-0.28,-47.1,0.06,-0.07,9.8,0.08,-0.16,-0.1
1782855262.790275,1.51,1.11,-62.89,-0.19,0.26,9.76,0.07,0.35,0.14,-0.48,-0.28,-47.11,0.06,-0.07,9.8,0.08,-0.19,-0.15
1782855262.7948658,1.51,1.11,-62.89,-0.19,0.27,9.77,0.1,0.38,0.13,-0.48,-0.28,-47.11,0.05,-0.08,9.79,0.1,-0.17,-0.13
1782855262.7992284,1.51,1.11,-62.9,-0.19,0.26,9.77,0.1,0.36,0.14,-0.48,-0.28,-47.11,0.06,-0.08,9.79,0.1,-0.16,-0.14
1782855262.847846,1.51,1.11,-62.9,-0.19,0.26,9.77,0.1,0.36,0.14,-0.51,-0.35,-48.04,0.06,-0.08,9.79,0.1,-0.19,-0.13
1782855262.9218633,1.52,1.17,-67.12,-0.19,0.26,9.77,0.07,0.36,0.14,-0.51,-0.35,-48.04,0.06,-0.08,9.79,0.09,-0.22,-0.11
1782855262.9958458,1.52,1.17,-67.13,-0.19,0.26,9.77,0.06,0.35,0.13,-0.51,-0.35,-48.04,0.06,-0.08,9.79,0.06,-0.18,-0.11
1782855263.0698986,1.52,1.17,-67.13,-0.19,0.26,9.77,0.07,0.37,0.13,-0.51,-0.35,-48.04,0.06,-0.08,9.8,0.1,-0.18,-0.11
1782855263.1438782,1.52,1.17,-67.14,-0.19,0.26,9.77,0.06,0.37,0.13,-0.51,-0.35,-48.04,0.05,-0.08,9.79,0.12,-0.18,-0.14
1782855263.217866,1.52,1.17,-67.14,-0.19,0.26,9.77,0.08,0.37,0.12,-0.51,-0.35,-48.05,0.05,-0.07,9.8,0.09,-0.17,-0.1
1782855263.2918472,1.52,1.17,-67.15,-0.19,0.26,9.77,0.09,0.37,0.15,-0.51,-0.35,-48.05,0.05,-0.07,9.8,0.09,-0.2,-0.12
1782855263.3658476,1.52,1.17,-67.15,-0.19,0.26,9.77,0.09,0.32,0.12,-0.51,-0.35,-48.05,0.06,-0.08,9.8,0.14,-0.2,-0.11
1782855263.439849,1.52,1.17,-67.16,-0.19,0.26,9.77,0.07,0.4,0.15,-0.51,-0.35,-48.05,0.06,-0.09,9.8,0.09,-0.17,-0.13
1782855263.51385,1.52,1.17,-67.17,-0.19,0.27,9.77,0.06,0.36,0.1,-0.51,-0.35,-48.05,0.05,-0.08,9.8,0.1,-0.16,-0.09
1782855263.5888755,1.52,1.17,-67.17,-0.19,0.26,9.76,0.08,0.36,0.14,-0.51,-0.35,-48.05,0.05,-0.08,9.8,0.09,-0.18,-0.15
1782855263.6619253,1.52,1.17,-67.17,-0.19,0.26,9.76,0.06,0.35,0.1,-0.51,-0.35,-48.05,0.05,-0.08,9.8,0.11,-0.15,-0.13
1782855263.7359,1.52,1.17,-67.18,-0.19,0.26,9.77,0.08,0.36,0.15,-0.51,-0.35,-48.05,0.05,-0.07,9.8,0.08,-0.19,-0.14
1782855263.80989,1.52,1.17,-67.18,-0.19,0.26,9.77,0.07,0.36,0.16,-0.51,-0.35,-48.06,0.06,-0.07,9.8,0.1,-0.17,-0.11
1782855263.8839,1.52,1.17,-67.19,-0.19,0.25,9.77,0.08,0.35,0.13,-0.51,-0.35,-48.06,0.05,-0.07,9.8,0.11,-0.2,-0.11
1782855263.9579687,1.52,1.17,-67.2,-0.19,0.26,9.77,0.08,0.37,0.11,-0.51,-0.35,-48.06,0.06,-0.08,9.79,0.08,-0.19,-0.14
1782855264.0318518,1.52,1.17,-67.2,-0.19,0.26,9.77,0.07,0.35,0.11,-0.51,-0.35,-48.06,0.05,-0.07,9.8,0.1,-0.18,-0.09
1782855264.1058831,1.52,1.17,-67.21,-0.19,0.26,9.78,0.06,0.37,0.09,-0.51,-0.35,-48.06,0.05,-0.08,9.8,0.11,-0.17,-0.12
1782855264.179852,1.52,1.17,-67.21,-0.19,0.26,9.77,0.12,0.38,0.17,-0.51,-0.35,-48.06,0.06,-0.08,9.8,0.1,-0.18,-0.15
1782855264.2539747,1.52,1.17,-67.22,-0.19,0.26,9.77,0.08,0.39,0.13,-0.51,-0.35,-48.06,0.06,-0.07,9.8,0.06,-0.2,-0.13
1782855264.3279011,1.52,1.17,-67.22,-0.19,0.26,9.77,0.05,0.37,0.14,-0.51,-0.35,-48.06,0.05,-0.08,9.79,0.1,-0.17,-0.07
1782855264.4028378,1.52,1.17,-67.23,-0.19,0.26,9.77,0.07,0.39,0.14,-0.51,-0.35,-48.06,0.05,-0.08,9.8,0.07,-0.16,-0.11
1782855264.4760604,1.52,1.17,-67.23,-0.19,0.25,9.77,0.07,0.39,0.12,-0.51,-0.35,-48.06,0.05,-0.07,9.8,0.1,-0.16,-0.14
1782855264.5498989,1.52,1.17,-67.24,-0.19,0.26,9.78,0.08,0.37,0.13,-0.51,-0.35,-48.07,0.06,-0.09,9.81,0.07,-0.18,-0.1
1782855264.6243358,1.52,1.17,-67.24,-0.19,0.26,9.77,0.07,0.36,0.13,-0.51,-0.35,-48.07,0.06,-0.07,9.8,0.1,-0.22,-0.12
1782855264.698003,1.52,1.17,-67.25,-0.19,0.27,9.77,0.06,0.38,0.11,-0.51,-0.36,-48.07,0.05,-0.09,9.8,0.1,-0.19,-0.14
1782855264.7718625,1.52,1.17,-67.25,-0.19,0.25,9.77,0.07,0.36,0.09,-0.51,-0.35,-48.07,0.05,-0.08,9.79,0.09,-0.18,-0.13
1782855264.845915,1.52,1.17,-67.26,-0.19,0.26,9.77,0.06,0.36,0.12,-0.51,-0.36,-48.07,0.06,-0.08,9.79,0.08,-0.21,-0.12
1782855264.9199095,1.52,1.17,-67.26,-0.19,0.26,9.77,0.07,0.38,0.14,-0.51,-0.36,-48.07,0.06,-0.08,9.8,0.09,-0.21,-0.13
1782855264.9940672,1.52,1.17,-67.27,-0.19,0.26,9.77,0.06,0.35,0.13,-0.51,-0.36,-48.07,0.06,-0.07,9.8,0.08,-0.16,-0.13
1782855265.0679212,1.52,1.17,-67.27,-0.18,0.26,9.77,0.06,0.36,0.14,-0.51,-0.36,-48.07,0.05,-0.07,9.8,0.1,-0.19,-0.15
1782855265.141994,1.52,1.17,-67.28,-0.19,0.26,9.78,0.1,0.36,0.13,-0.51,-0.35,-48.08,0.05,-0.08,9.79,0.07,-0.17,-0.13
1782855265.2161396,1.52,1.17,-67.28,-0.19,0.26,9.77,0.07,0.38,0.15,-0.51,-0.35,-48.08,0.05,-0.08,9.79,0.13,-0.2,-0.12
1782855265.2905188,1.52,1.17,-67.29,-0.19,0.26,9.77,0.07,0.35,0.13,-0.51,-0.35,-48.08,0.05,-0.08,9.8,0.11,-0.17,-0.15
1782855265.36425,1.52,1.17,-67.3,-0.19,0.26,9.77,0.07,0.37,0.12,-0.51,-0.35,-48.08,0.06,-0.08,9.79,0.08,-0.18,-0.1
1782855265.4379113,1.52,1.17,-67.3,-0.19,0.26,9.77,0.08,0.39,0.13,-0.51,-0.35,-48.08,0.05,-0.07,9.8,0.08,-0.16,-0.17
1782855265.51225,1.52,1.17,-67.31,-0.18,0.26,9.77,0.1,0.35,0.12,-0.51,-0.35,-48.08,0.06,-0.07,9.79,0.08,-0.17,-0.12
1782855265.5865352,1.52,1.17,-67.31,-0.18,0.26,9.78,0.08,0.39,0.13,-0.51,-0.35,-48.08,0.05,-0.07,9.8,0.08,-0.19,-0.15
1782855265.659906,1.52,1.17,-67.32,-0.19,0.26,9.77,0.1,0.36,0.13,-0.51,-0.35,-48.08,0.05,-0.08,9.8,0.06,-0.16,-0.12
1782855265.733856,1.52,1.17,-67.32,-0.18,0.26,9.77,0.1,0.39,0.15,-0.51,-0.35,-48.09,0.05,-0.07,9.79,0.08,-0.19,-0.11
1782855265.8078992,1.52,1.17,-67.33,-0.18,0.27,9.77,0.08,0.38,0.14,-0.51,-0.35,-48.09,0.05,-0.08,9.8,0.07,-0.19,-0.11
1782855265.8818529,1.52,1.17,-67.33,-0.19,0.26,9.77,0.1,0.36,0.1,-0.51,-0.35,-48.09,0.06,-0.08,9.79,0.11,-0.18,-0.11
1782855265.9558873,1.52,1.17,-67.34,-0.19,0.26,9.77,0.09,0.36,0.12,-0.51,-0.35,-48.09,0.06,-0.07,9.8,0.1,-0.19,-0.1
1782855266.0299587,1.52,1.17,-67.34,-0.19,0.25,9.77,0.09,0.37,0.13,-0.51,-0.35,-48.09,0.05,-0.08,9.79,0.09,-0.19,-0.13
1782855266.10434,1.52,1.17,-67.35,-0.19,0.27,9.77,0.08,0.36,0.09,-0.51,-0.35,-48.09,0.05,-0.08,9.8,0.07,-0.2,-0.14
1782855266.1782444,1.52,1.17,-67.35,-0.19,0.26,9.77,0.05,0.36,0.13,-0.51,-0.35,-48.09,0.06,-0.08,9.8,0.1,-0.18,-0.11
1782855266.251954,1.52,1.17,-67.36,-0.19,0.26,9.77,0.07,0.37,0.12,-0.51,-0.35,-48.1,0.06,-0.08,9.8,0.08,-0.19,-0.15
1782855266.3260002,1.52,1.17,-67.37,-0.19,0.26,9.77,0.09,0.37,0.1,-0.51,-0.35,-48.1,0.06,-0.08,9.8,0.08,-0.18,-0.1
1782855266.400248,1.52,1.17,-67.37,-0.19,0.26,9.77,0.07,0.36,0.11,-0.51,-0.35,-48.1,0.05,-0.08,9.79,0.1,-0.19,-0.14
1782855266.4738858,1.52,1.17,-67.38,-0.19,0.26,9.77,0.06,0.36,0.14,-0.5,-0.35,-48.1,0.05,-0.08,9.8,0.12,-0.2,-0.11
1782855266.5479937,1.53,1.17,-67.38,-0.19,0.25,9.77,0.09,0.37,0.13,-0.5,-0.35,-48.1,0.06,-0.08,9.8,0.11,-0.21,-0.1
1782855266.6219144,1.53,1.17,-67.39,-0.2,0.26,9.77,0.14,0.36,0.12,-0.5,-0.35,-48.1,0.05,-0.07,9.8,0.08,-0.18,-0.14
1782855266.6963654,1.52,1.17,-67.39,-0.19,0.26,9.76,0.06,0.34,0.12,-0.51,-0.35,-48.1,0.05,-0.07,9.8,0.06,-0.19,-0.12
1782855266.7698824,1.53,1.17,-67.4,-0.19,0.26,9.77,0.08,0.38,0.13,-0.5,-0.35,-48.1,0.05,-0.08,9.8,0.1,-0.16,-0.1
1782855266.8439262,1.53,1.17,-67.4,-0.19,0.27,9.77,0.1,0.37,0.12,-0.5,-0.35,-48.1,0.05,-0.07,9.79,0.09,-0.18,-0.12
1782855266.9183292,1.52,1.17,-67.41,-0.19,0.26,9.76,0.08,0.35,0.15,-0.5,-0.35,-48.11,0.05,-0.07,9.8,0.07,-0.18,-0.14
1782855266.9919941,1.53,1.17,-67.41,-0.19,0.26,9.77,0.07,0.35,0.14,-0.5,-0.35,-48.11,0.05,-0.07,9.79,0.13,-0.18,-0.14
1782855267.0658906,1.52,1.17,-67.42,-0.19,0.26,9.78,0.05,0.38,0.13,-0.51,-0.35,-48.11,0.05,-0.08,9.79,0.09,-0.19,-0.12
1782855267.1399245,1.52,1.17,-67.42,-0.19,0.27,9.77,0.07,0.38,0.15,-0.51,-0.35,-48.11,0.05,-0.07,9.79,0.11,-0.17,-0.11
1782855267.2139144,1.53,1.17,-67.43,-0.18,0.25,9.77,0.1,0.35,0.13,-0.51,-0.35,-48.11,0.06,-0.08,9.79,0.1,-0.15,-0.11
1782855267.2879834,1.53,1.17,-67.43,-0.19,0.26,9.77,0.09,0.37,0.12,-0.51,-0.35,-48.11,0.05,-0.08,9.8,0.07,-0.21,-0.13
1782855267.362405,1.53,1.17,-67.44,-0.19,0.25,9.77,0.07,0.39,0.14,-0.51,-0.35,-48.11,0.06,-0.08,9.8,0.11,-0.19,-0.15
1782855267.4359176,1.52,1.17,-67.44,-0.19,0.26,9.77,0.07,0.35,0.13,-0.51,-0.35,-48.11,0.05,-0.08,9.8,0.13,-0.2,-0.13
1782855267.5103629,1.53,1.17,-67.45,-0.19,0.26,9.77,0.08,0.37,0.16,-0.51,-0.35,-48.11,0.06,-0.09,9.8,0.07,-0.18,-0.12
1782855267.583914,1.52,1.17,-67.45,-0.19,0.25,9.76,0.06,0.35,0.17,-0.51,-0.35,-48.12,0.05,-0.08,9.8,0.1,-0.16,-0.15
1782855267.6583288,1.52,1.17,-67.46,-0.19,0.25,9.77,0.06,0.36,0.15,-0.51,-0.35,-48.12,0.05,-0.08,9.8,0.09,-0.17,-0.15
1782855267.7319233,1.52,1.17,-67.46,-0.18,0.26,9.77,0.07,0.37,0.12,-0.51,-0.35,-48.12,0.05,-0.08,9.8,0.11,-0.19,-0.12
1782855267.8059099,1.52,1.17,-67.47,-0.19,0.26,9.77,0.1,0.39,0.13,-0.51,-0.35,-48.12,0.05,-0.08,9.8,0.1,-0.17,-0.12
1782855267.8799076,1.52,1.16,-67.47,-0.2,0.25,9.77,0.06,0.35,0.13,-0.51,-0.35,-48.12,0.06,-0.08,9.8,0.13,-0.15,-0.15
1782855267.9542582,1.52,1.16,-67.48,-0.19,0.25,9.77,0.08,0.37,0.12,-0.51,-0.35,-48.12,0.05,-0.08,9.8,0.06,-0.21,-0.12
1782855268.0279663,1.52,1.16,-67.49,-0.19,0.26,9.77,0.09,0.37,0.13,-0.51,-0.35,-48.12,0.05,-0.08,9.8,0.09,-0.17,-0.12
1782855268.1023443,1.52,1.16,-67.49,-0.19,0.26,9.77,0.09,0.35,0.11,-0.51,-0.35,-48.13,0.06,-0.07,9.79,0.11,-0.18,-0.08
1782855268.176029,1.52,1.16,-67.5,-0.19,0.26,9.77,0.09,0.37,0.13,-0.51,-0.35,-48.13,0.05,-0.07,9.8,0.09,-0.18,-0.13
1782855268.2509391,1.52,1.16,-67.5,-0.19,0.26,9.77,0.05,0.39,0.14,-0.51,-0.35,-48.13,0.06,-0.08,9.79,0.12,-0.2,-0.12
1782855268.3239095,1.52,1.16,-67.51,-0.18,0.26,9.78,0.09,0.36,0.13,-0.51,-0.35,-48.13,0.06,-0.08,9.79,0.1,-0.16,-0.13
1782855268.3982716,1.52,1.16,-67.51,-0.19,0.26,9.77,0.07,0.36,0.12,-0.51,-0.35,-48.13,0.05,-0.08,9.79,0.11,-0.16,-0.12
1782855268.4725392,1.52,1.16,-67.52,-0.19,0.26,9.77,0.13,0.37,0.15,-0.51,-0.35,-48.13,0.05,-0.08,9.79,0.11,-0.18,-0.09
1782855268.5459187,1.52,1.16,-67.52,-0.19,0.25,9.77,0.06,0.36,0.16,-0.51,-0.35,-48.13,0.06,-0.08,9.79,0.1,-0.19,-0.12
1782855268.6209624,1.52,1.16,-67.53,-0.19,0.26,9.77,0.1,0.37,0.14,-0.51,-0.35,-48.13,0.05,-0.07,9.79,0.1,-0.2,-0.14
1782855268.6940823,1.52,1.16,-67.53,-0.19,0.26,9.77,0.09,0.38,0.13,-0.51,-0.35,-48.13,0.05,-0.08,9.79,0.08,-0.16,-0.12
1782855268.7679195,1.52,1.16,-67.54,-0.18,0.26,9.78,0.08,0.36,0.13,-0.51,-0.35,-48.14,0.05,-0.08,9.8,0.1,-0.2,-0.11
1782855268.8420017,1.52,1.16,-67.54,-0.19,0.26,9.77,0.04,0.37,0.11,-0.51,-0.35,-48.14,0.06,-0.07,9.79,0.1,-0.15,-0.12
1782855268.916336,1.52,1.16,-67.55,-0.19,0.26,9.78,0.09,0.34,0.13,-0.51,-0.35,-48.14,0.05,-0.08,9.79,0.11,-0.17,-0.11
1782855268.9908602,1.52,1.16,-67.55,-0.19,0.26,9.77,0.08,0.38,0.12,-0.51,-0.35,-48.14,0.05,-0.08,9.79,0.1,-0.18,-0.11
1782855269.0639906,1.52,1.16,-67.56,-0.2,0.26,9.77,0.06,0.36,0.12,-0.51,-0.35,-48.14,0.06,-0.07,9.8,0.09,-0.18,-0.11
1782855269.139369,1.52,1.16,-67.56,-0.19,0.26,9.78,0.09,0.35,0.13,-0.51,-0.35,-48.14,0.05,-0.08,9.79,0.09,-0.17,-0.15
1782855269.2135453,1.52,1.16,-67.57,-0.19,0.26,9.77,0.1,0.37,0.14,-0.51,-0.35,-48.14,0.06,-0.07,9.8,0.09,-0.2,-0.12
1782855269.2859182,1.52,1.16,-67.58,-0.2,0.26,9.77,0.06,0.37,0.14,-0.51,-0.35,-48.15,0.05,-0.08,9.8,0.09,-0.19,-0.14
1782855269.3614933,1.52,1.16,-67.58,-0.19,0.26,9.77,0.11,0.37,0.12,-0.51,-0.35,-48.15,0.06,-0.08,9.8,0.08,-0.17,-0.12
1782855269.4339035,1.52,1.16,-67.59,-0.19,0.26,9.77,0.06,0.38,0.13,-0.51,-0.35,-48.15,0.05,-0.08,9.8,0.07,-0.19,-0.13
1782855269.5089533,1.52,1.16,-67.59,-0.19,0.27,9.78,0.06,0.37,0.12,-0.51,-0.35,-48.15,0.05,-0.08,9.8,0.1,-0.16,-0.12
1782855269.5826936,1.52,1.16,-67.6,-0.19,0.26,9.77,0.08,0.34,0.1,-0.51,-0.35,-48.15,0.06,-0.08,9.8,0.1,-0.17,-0.13
1782855269.6569262,1.52,1.16,-67.6,-0.18,0.26,9.77,0.08,0.36,0.11,-0.51,-0.35,-48.15,0.06,-0.08,9.79,0.09,-0.17,-0.14
1782855269.7308702,1.52,1.16,-67.61,-0.19,0.26,9.77,0.05,0.37,0.14,-0.51,-0.35,-48.15,0.06,-0.08,9.8,0.11,-0.2,-0.13
1782855269.8039062,1.52,1.16,-67.61,-0.19,0.26,9.77,0.08,0.38,0.15,-0.51,-0.35,-48.16,0.06,-0.08,9.79,0.06,-0.2,-0.12
1782855269.8791063,1.52,1.16,-67.62,-0.18,0.26,9.76,0.08,0.37,0.14,-0.51,-0.35,-48.16,0.05,-0.08,9.79,0.08,-0.19,-0.11
1782855269.953644,1.52,1.16,-67.62,-0.19,0.26,9.77,0.09,0.37,0.14,-0.51,-0.35,-48.16,0.06,-0.08,9.8,0.07,-0.18,-0.13
1782855270.0264096,1.52,1.16,-67.63,-0.2,0.25,9.77,0.07,0.38,0.16,-0.51,-0.35,-48.16,0.05,-0.07,9.8,0.08,-0.2,-0.14
1782855270.100921,1.52,1.16,-67.63,-0.19,0.26,9.77,0.07,0.35,0.15,-0.51,-0.35,-48.16,0.05,-0.08,9.8,0.11,-0.22,-0.12
1782855270.1748502,1.52,1.16,-67.64,-0.2,0.26,9.77,0.06,0.38,0.12,-0.51,-0.35,-48.16,0.05,-0.08,9.79,0.12,-0.18,-0.13
1782855270.2492082,1.52,1.16,-67.64,-0.19,0.26,9.77,0.07,0.37,0.12,-0.51,-0.35,-48.16,0.06,-0.07,9.79,0.09,-0.19,-0.14
1782855270.322945,1.52,1.16,-67.65,-0.19,0.26,9.77,0.07,0.35,0.14,-0.51,-0.35,-48.16,0.06,-0.08,9.8,0.09,-0.17,-0.12
1782855270.397236,1.52,1.16,-67.66,-0.19,0.26,9.77,0.1,0.36,0.1,-0.51,-0.35,-48.17,0.06,-0.08,9.8,0.08,-0.2,-0.16
1782855270.4709613,1.52,1.16,-67.66,-0.19,0.26,9.77,0.05,0.34,0.16,-0.51,-0.35,-48.17,0.06,-0.08,9.8,0.13,-0.19,-0.13
1782855270.545209,1.52,1.16,-67.67,-0.19,0.26,9.77,0.08,0.36,0.15,-0.51,-0.35,-48.17,0.06,-0.08,9.79,0.1,-0.18,-0.15
1782855270.6194303,1.52,1.16,-67.67,-0.19,0.26,9.77,0.1,0.36,0.13,-0.51,-0.35,-48.17,0.05,-0.08,9.8,0.09,-0.2,-0.08
1782855270.6928685,1.52,1.16,-67.68,-0.19,0.26,9.77,0.09,0.36,0.11,-0.51,-0.35,-48.17,0.06,-0.08,9.79,0.09,-0.16,-0.12
1782855270.7669365,1.52,1.16,-67.68,-0.19,0.26,9.77,0.08,0.38,0.11,-0.51,-0.35,-48.17,0.05,-0.08,9.8,0.11,-0.16,-0.15
1782855270.8409085,1.52,1.16,-67.69,-0.18,0.25,9.77,0.1,0.37,0.12,-0.51,-0.35,-48.17,0.06,-0.08,9.79,0.06,-0.17,-0.12
1782855270.9149566,1.52,1.16,-67.69,-0.19,0.26,9.77,0.1,0.37,0.11,-0.51,-0.35,-48.17,0.05,-0.08,9.79,0.09,-0.18,-0.11
1782855270.9893808,1.52,1.16,-67.7,-0.19,0.27,9.78,0.1,0.36,0.13,-0.51,-0.35,-48.18,0.06,-0.08,9.79,0.08,-0.18,-0.11
1782855271.0629392,1.52,1.16,-67.7,-0.19,0.26,9.78,0.08,0.39,0.13,-0.5,-0.35,-48.18,0.05,-0.09,9.8,0.12,-0.17,-0.11
1782855271.1369421,1.52,1.16,-67.71,-0.19,0.26,9.77,0.07,0.37,0.15,-0.51,-0.35,-48.18,0.06,-0.08,9.8,0.09,-0.2,-0.12
1782855271.2109244,1.52,1.16,-67.71,-0.19,0.26,9.78,0.1,0.38,0.13,-0.51,-0.35,-48.18,0.06,-0.08,9.8,0.05,-0.17,-0.12
1782855271.2848773,1.52,1.16,-67.72,-0.19,0.26,9.77,0.11,0.36,0.14,-0.51,-0.35,-48.18,0.05,-0.08,9.8,0.1,-0.18,-0.09
1782855271.358882,1.52,1.16,-67.73,-0.19,0.26,9.77,0.09,0.38,0.11,-0.51,-0.35,-48.18,0.05,-0.07,9.8,0.11,-0.19,-0.13
1782855271.4329526,1.52,1.16,-67.73,-0.19,0.26,9.78,0.09,0.36,0.1,-0.51,-0.35,-48.18,0.06,-0.07,9.79,0.1,-0.2,-0.17
1782855271.5072093,1.52,1.16,-67.74,-0.19,0.25,9.76,0.09,0.34,0.13,-0.5,-0.35,-48.19,0.06,-0.08,9.8,0.09,-0.19,-0.15
1782855271.5814385,1.52,1.16,-67.74,-0.18,0.25,9.77,0.09,0.37,0.14,-0.5,-0.35,-48.19,0.05,-0.08,9.8,0.09,-0.2,-0.14
1782855271.654861,1.52,1.16,-67.75,-0.19,0.26,9.77,0.1,0.4,0.1,-0.5,-0.35,-48.19,0.06,-0.08,9.79,0.08,-0.19,-0.1
1782855271.7288709,1.52,1.16,-67.75,-0.19,0.25,9.77,0.06,0.37,0.13,-0.5,-0.35,-48.19,0.05,-0.08,9.8,0.08,-0.16,-0.14
1782855271.8028724,1.52,1.16,-67.76,-0.18,0.26,9.77,0.08,0.37,0.13,-0.5,-0.35,-48.19,0.06,-0.07,9.79,0.11,-0.18,-0.14
1782855271.8777044,1.52,1.16,-67.76,-0.19,0.26,9.77,0.05,0.34,0.09,-0.5,-0.35,-48.19,0.06,-0.08,9.8,0.09,-0.21,-0.15
1782855271.951245,1.52,1.16,-67.77,-0.18,0.26,9.77,0.1,0.35,0.13,-0.5,-0.35,-48.2,0.05,-0.08,9.79,0.09,-0.17,-0.11
1782855272.0248985,1.52,1.16,-67.77,-0.2,0.26,9.76,0.09,0.39,0.15,-0.5,-0.35,-48.2,0.05,-0.08,9.79,0.09,-0.17,-0.11
1782855272.0989785,1.52,1.16,-67.78,-0.18,0.26,9.77,0.06,0.34,0.1,-0.5,-0.35,-48.2,0.05,-0.08,9.79,0.09,-0.19,-0.1
1782855272.172906,1.52,1.16,-67.78,-0.19,0.26,9.77,0.09,0.37,0.12,-0.51,-0.35,-48.2,0.05,-0.08,9.8,0.1,-0.18,-0.13
1782855272.2468631,1.52,1.16,-67.79,-0.19,0.26,9.77,0.06,0.33,0.13,-0.51,-0.35,-48.2,0.06,-0.08,9.79,0.1,-0.2,-0.1
1782855272.3209612,1.52,1.16,-67.8,-0.19,0.25,9.77,0.07,0.36,0.1,-0.5,-0.35,-48.2,0.06,-0.08,9.8,0.09,-0.18,-0.11
1782855272.3952224,1.52,1.16,-67.8,-0.19,0.25,9.77,0.1,0.39,0.13,-0.5,-0.35,-48.2,0.05,-0.08,9.79,0.09,-0.18,-0.13
1782855272.4692283,1.52,1.16,-67.81,-0.18,0.26,9.77,0.09,0.35,0.1,-0.51,-0.35,-48.2,0.05,-0.07,9.79,0.08,-0.18,-0.11
1782855272.5430777,1.52,1.16,-67.81,-0.19,0.26,9.77,0.12,0.36,0.13,-0.51,-0.35,-48.2,0.06,-0.08,9.8,0.09,-0.18,-0.11
1782855272.6171727,1.52,1.16,-67.82,-0.18,0.25,9.76,0.09,0.35,0.12,-0.51,-0.35,-48.2,0.05,-0.08,9.8,0.11,-0.18,-0.11
1782855272.6912022,1.52,1.16,-67.82,-0.19,0.25,9.77,0.11,0.36,0.15,-0.51,-0.35,-48.21,0.06,-0.09,9.79,0.07,-0.2,-0.15
1782855272.764883,1.52,1.16,-67.83,-0.19,0.26,9.78,0.1,0.37,0.15,-0.51,-0.35,-48.21,0.05,-0.08,9.8,0.08,-0.19,-0.08
1782855272.8392413,1.52,1.16,-67.83,-0.19,0.26,9.78,0.09,0.35,0.12,-0.51,-0.35,-48.21,0.06,-0.08,9.8,0.1,-0.21,-0.14
1782855272.9129527,1.52,1.16,-67.84,-0.18,0.27,9.78,0.04,0.33,0.14,-0.51,-0.35,-48.21,0.05,-0.08,9.8,0.08,-0.19,-0.11
1782855272.986978,1.52,1.16,-67.84,-0.19,0.25,9.77,0.08,0.35,0.11,-0.51,-0.35,-48.21,0.06,-0.08,9.79,0.09,-0.16,-0.14
1782855273.0615222,1.52,1.16,-67.85,-0.2,0.26,9.78,0.09,0.35,0.12,-0.51,-0.35,-48.21,0.06,-0.08,9.79,0.11,-0.15,-0.07
1782855273.1352134,1.52,1.16,-67.85,-0.19,0.26,9.77,0.07,0.36,0.12,-0.51,-0.35,-48.21,0.05,-0.07,9.79,0.09,-0.19,-0.12
1782855273.208896,1.52,1.16,-67.86,-0.19,0.26,9.77,0.06,0.37,0.14,-0.51,-0.35,-48.21,0.06,-0.07,9.8,0.08,-0.2,-0.09
1782855273.2831793,1.52,1.16,-67.86,-0.19,0.26,9.77,0.09,0.39,0.13,-0.5,-0.35,-48.21,0.05,-0.08,9.79,0.08,-0.2,-0.13
1782855273.3569736,1.52,1.16,-67.87,-0.19,0.26,9.77,0.08,0.34,0.08,-0.5,-0.35,-48.21,0.05,-0.08,9.8,0.12,-0.21,-0.12
1782855273.4309614,1.52,1.16,-67.87,-0.19,0.26,9.76,0.08,0.39,0.14,-0.5,-0.35,-48.22,0.05,-0.08,9.8,0.1,-0.17,-0.12
1782855273.505247,1.52,1.16,-67.88,-0.19,0.26,9.77,0.1,0.37,0.14,-0.5,-0.35,-48.22,0.05,-0.07,9.8,0.11,-0.21,-0.14
1782855273.578875,1.52,1.16,-67.88,-0.19,0.27,9.76,0.07,0.38,0.11,-0.5,-0.35,-48.22,0.06,-0.08,9.8,0.08,-0.19,-0.11
1782855273.652983,1.52,1.16,-67.89,-0.19,0.27,9.77,0.07,0.35,0.12,-0.5,-0.35,-48.22,0.06,-0.08,9.79,0.09,-0.18,-0.12
1782855273.7268875,1.52,1.16,-67.89,-0.19,0.26,9.77,0.06,0.38,0.16,-0.5,-0.35,-48.22,0.06,-0.08,9.79,0.07,-0.19,-0.11
1782855273.8008313,1.52,1.16,-67.9,-0.19,0.26,9.77,0.07,0.37,0.13,-0.5,-0.35,-48.22,0.05,-0.07,9.79,0.1,-0.17,-0.14
1782855273.874914,1.52,1.15,-67.9,-0.19,0.26,9.77,0.08,0.36,0.12,-0.5,-0.35,-48.22,0.06,-0.07,9.8,0.09,-0.2,-0.14
1782855273.9488978,1.52,1.16,-67.91,-0.19,0.26,9.77,0.07,0.37,0.13,-0.5,-0.35,-48.23,0.05,-0.08,9.8,0.07,-0.18,-0.11
1782855274.0229445,1.52,1.15,-67.91,-0.19,0.26,9.77,0.07,0.36,0.15,-0.5,-0.35,-48.23,0.06,-0.08,9.79,0.12,-0.15,-0.14
1782855274.097252,1.52,1.16,-67.92,-0.19,0.26,9.77,0.05,0.36,0.15,-0.5,-0.35,-48.23,0.05,-0.08,9.8,0.08,-0.19,-0.12
1782855274.1712365,1.52,1.16,-67.93,-0.19,0.26,9.77,0.08,0.37,0.12,-0.5,-0.35,-48.23,0.06,-0.07,9.78,0.07,-0.19,-0.13
1782855274.2448976,1.52,1.16,-67.93,-0.18,0.26,9.77,0.1,0.36,0.11,-0.5,-0.35,-48.23,0.06,-0.08,9.79,0.12,-0.19,-0.12
1782855274.3192766,1.52,1.15,-67.93,-0.19,0.26,9.77,0.07,0.37,0.14,-0.5,-0.35,-48.23,0.05,-0.08,9.79,0.09,-0.18,-0.14
1782855274.3933597,1.52,1.16,-67.94,-0.19,0.26,9.77,0.07,0.39,0.12,-0.5,-0.35,-48.23,0.06,-0.07,9.79,0.08,-0.16,-0.14
1782855274.467242,1.52,1.16,-67.95,-0.19,0.27,9.77,0.07,0.36,0.15,-0.5,-0.35,-48.24,0.05,-0.07,9.79,0.11,-0.18,-0.15
1782855274.5410023,1.52,1.16,-67.95,-0.19,0.26,9.77,0.08,0.34,0.15,-0.5,-0.35,-48.24,0.06,-0.08,9.79,0.08,-0.17,-0.13
1782855274.6149323,1.52,1.16,-67.96,-0.19,0.26,9.77,0.07,0.34,0.12,-0.5,-0.35,-48.24,0.06,-0.08,9.8,0.12,-0.18,-0.11
1782855274.6889465,1.52,1.15,-67.96,-0.19,0.26,9.77,0.07,0.38,0.09,-0.5,-0.35,-48.24,0.06,-0.08,9.8,0.09,-0.21,-0.16
1782855274.7629185,1.52,1.15,-67.97,-0.19,0.26,9.77,0.06,0.35,0.13,-0.5,-0.35,-48.24,0.06,-0.08,9.79,0.12,-0.18,-0.15
1782855274.836953,1.52,1.15,-67.97,-0.19,0.26,9.77,0.07,0.35,0.12,-0.5,-0.35,-48.24,0.05,-0.07,9.8,0.09,-0.15,-0.13
1782855274.9108963,1.52,1.15,-67.98,-0.19,0.26,9.77,0.06,0.35,0.15,-0.5,-0.35,-48.24,0.05,-0.08,9.8,0.1,-0.16,-0.13
1782855274.9849007,1.52,1.15,-67.98,-0.19,0.26,9.77,0.09,0.39,0.13,-0.5,-0.35,-48.24,0.05,-0.07,9.79,0.08,-0.18,-0.15
1782855275.0594435,1.52,1.15,-67.99,-0.19,0.26,9.76,0.07,0.35,0.14,-0.5,-0.35,-48.25,0.06,-0.08,9.8,0.08,-0.2,-0.16
1782855275.1328745,1.52,1.15,-67.99,-0.19,0.26,9.76,0.04,0.34,0.14,-0.5,-0.35,-48.25,0.05,-0.08,9.79,0.1,-0.17,-0.13
1782855275.2075074,1.52,1.15,-68.0,-0.19,0.26,9.77,0.08,0.36,0.13,-0.5,-0.35,-48.25,0.05,-0.08,9.8,0.1,-0.18,-0.1
1782855275.2810295,1.52,1.15,-68.0,-0.19,0.26,9.77,0.07,0.37,0.12,-0.5,-0.35,-48.25,0.05,-0.08,9.8,0.09,-0.19,-0.11
1782855275.3549557,1.52,1.15,-68.01,-0.19,0.26,9.77,0.07,0.36,0.15,-0.49,-0.35,-48.25,0.05,-0.08,9.79,0.07,-0.2,-0.14
1782855275.42891,1.52,1.15,-68.01,-0.19,0.26,9.77,0.07,0.38,0.13,-0.49,-0.35,-48.25,0.06,-0.08,9.79,0.13,-0.17,-0.12
1782855275.5033042,1.52,1.15,-68.02,-0.19,0.26,9.77,0.07,0.36,0.14,-0.49,-0.35,-48.25,0.05,-0.08,9.79,0.1,-0.17,-0.11
1782855275.5769622,1.52,1.15,-68.02,-0.2,0.26,9.77,0.05,0.35,0.15,-0.49,-0.35,-48.25,0.06,-0.08,9.79,0.09,-0.18,-0.14
1782855275.65126,1.52,1.15,-68.03,-0.19,0.25,9.76,0.07,0.36,0.13,-0.49,-0.35,-48.25,0.06,-0.08,9.79,0.09,-0.17,-0.12
1782855275.72484,1.52,1.15,-68.03,-0.18,0.26,9.76,0.07,0.37,0.15,-0.49,-0.35,-48.26,0.04,-0.08,9.79,0.14,-0.18,-0.15
1782855275.7988582,1.52,1.15,-68.04,-0.19,0.26,9.77,0.05,0.36,0.16,-0.49,-0.34,-48.26,0.05,-0.08,9.8,0.09,-0.16,-0.11
1782855275.8732696,1.52,1.15,-68.04,-0.19,0.26,9.77,0.07,0.37,0.15,-0.49,-0.34,-48.26,0.05,-0.07,9.79,0.06,-0.17,-0.13
1782855275.94754,1.52,1.15,-68.05,-0.19,0.26,9.76,0.06,0.35,0.11,-0.49,-0.34,-48.26,0.05,-0.08,9.8,0.11,-0.19,-0.11
1782855276.020949,1.52,1.15,-68.05,-0.19,0.26,9.77,0.09,0.38,0.15,-0.49,-0.34,-48.26,0.05,-0.08,9.8,0.07,-0.19,-0.12
1782855276.0949662,1.52,1.15,-68.06,-0.18,0.26,9.77,0.05,0.38,0.15,-0.49,-0.34,-48.26,0.05,-0.08,9.8,0.12,-0.15,-0.15
1782855276.1689532,1.52,1.15,-68.06,-0.19,0.26,9.76,0.1,0.38,0.1,-0.49,-0.34,-48.26,0.05,-0.08,9.8,0.1,-0.16,-0.15
1782855276.2435608,1.52,1.15,-68.07,-0.18,0.26,9.77,0.09,0.39,0.15,-0.49,-0.34,-48.26,0.06,-0.08,9.8,0.1,-0.19,-0.1
1782855276.316991,1.52,1.15,-68.07,-0.18,0.25,9.77,0.07,0.36,0.14,-0.49,-0.34,-48.26,0.06,-0.08,9.79,0.07,-0.19,-0.11
1782855276.391493,1.52,1.15,-68.08,-0.19,0.26,9.77,0.07,0.36,0.15,-0.49,-0.34,-48.26,0.05,-0.07,9.79,0.09,-0.16,-0.12
1782855276.4649937,1.52,1.15,-68.08,-0.19,0.26,9.77,0.08,0.35,0.1,-0.49,-0.34,-48.26,0.06,-0.08,9.79,0.06,-0.17,-0.11
1782855276.5392678,1.52,1.15,-68.09,-0.18,0.27,9.77,0.1,0.36,0.15,-0.49,-0.34,-48.27,0.05,-0.08,9.79,0.1,-0.18,-0.14
1782855276.612903,1.52,1.15,-68.09,-0.19,0.26,9.77,0.08,0.34,0.11,-0.49,-0.34,-48.27,0.05,-0.07,9.79,0.14,-0.16,-0.11
1782855276.6869788,1.52,1.15,-68.1,-0.19,0.26,9.76,0.04,0.36,0.12,-0.49,-0.34,-48.27,0.06,-0.09,9.8,0.07,-0.18,-0.12
1782855276.7609916,1.52,1.15,-68.1,-0.19,0.25,9.77,0.1,0.34,0.13,-0.49,-0.34,-48.27,0.05,-0.08,9.79,0.07,-0.2,-0.13
1782855276.8349357,1.52,1.15,-68.11,-0.19,0.26,9.77,0.07,0.38,0.13,-0.49,-0.34,-48.27,0.06,-0.08,9.79,0.1,-0.2,-0.13
1782855276.9088664,1.52,1.15,-68.12,-0.19,0.26,9.77,0.05,0.39,0.12,-0.49,-0.34,-48.27,0.05,-0.08,9.8,0.09,-0.18,-0.12
1782855276.983483,1.52,1.15,-68.12,-0.19,0.25,9.76,0.09,0.35,0.13,-0.49,-0.35,-48.27,0.06,-0.07,9.8,0.12,-0.18,-0.14
1782855277.0572953,1.52,1.14,-68.13,-0.19,0.26,9.77,0.11,0.37,0.13,-0.49,-0.35,-48.28,0.06,-0.08,9.79,0.1,-0.17,-0.12
1782855277.1308985,1.52,1.14,-68.13,-0.19,0.26,9.77,0.07,0.37,0.11,-0.49,-0.35,-48.28,0.06,-0.08,9.8,0.1,-0.17,-0.11
1782855277.2049062,1.52,1.14,-68.14,-0.19,0.27,9.77,0.06,0.38,0.13,-0.49,-0.35,-48.28,0.06,-0.08,9.79,0.1,-0.18,-0.13
1782855277.2789977,1.52,1.14,-68.14,-0.19,0.26,9.77,0.06,0.37,0.12,-0.49,-0.35,-48.28,0.06,-0.08,9.8,0.08,-0.18,-0.13
1782855277.3533356,1.52,1.14,-68.15,-0.19,0.25,9.77,0.07,0.34,0.13,-0.49,-0.34,-48.28,0.06,-0.08,9.79,0.11,-0.16,-0.12
1782855277.4272325,1.52,1.14,-68.15,-0.19,0.26,9.77,0.07,0.35,0.12,-0.49,-0.34,-48.28,0.06,-0.08,9.8,0.1,-0.18,-0.1
1782855277.5008986,1.52,1.14,-68.16,-0.19,0.25,9.77,0.08,0.33,0.11,-0.49,-0.34,-48.28,0.05,-0.08,9.8,0.08,-0.19,-0.11
1782855277.5753448,1.52,1.14,-68.16,-0.18,0.27,9.76,0.07,0.37,0.11,-0.49,-0.35,-48.28,0.06,-0.08,9.79,0.07,-0.21,-0.14
1782855277.648983,1.52,1.14,-68.17,-0.19,0.26,9.77,0.08,0.36,0.1,-0.49,-0.35,-48.29,0.05,-0.08,9.8,0.07,-0.2,-0.12
1782855277.7233033,1.52,1.14,-68.17,-0.19,0.26,9.77,0.09,0.39,0.14,-0.49,-0.35,-48.29,0.05,-0.08,9.8,0.07,-0.16,-0.14
1782855277.7968907,1.52,1.14,-68.18,-0.19,0.26,9.77,0.09,0.37,0.13,-0.49,-0.34,-48.29,0.05,-0.09,9.8,0.09,-0.18,-0.14
1782855277.8712833,1.52,1.14,-68.18,-0.19,0.26,9.77,0.06,0.36,0.14,-0.49,-0.34,-48.29,0.05,-0.08,9.8,0.11,-0.17,-0.12
1782855277.9453635,1.52,1.14,-68.19,-0.19,0.26,9.78,0.08,0.35,0.15,-0.49,-0.34,-48.29,0.06,-0.07,9.8,0.08,-0.2,-0.13
1782855278.018943,1.52,1.14,-68.2,-0.2,0.25,9.76,0.09,0.35,0.14,-0.49,-0.35,-48.29,0.06,-0.08,9.8,0.09,-0.19,-0.14
1782855278.093483,1.52,1.14,-68.2,-0.19,0.26,9.77,0.04,0.38,0.11,-0.49,-0.35,-48.29,0.06,-0.07,9.8,0.07,-0.2,-0.15
1782855278.1672294,1.52,1.14,-68.21,-0.19,0.26,9.77,0.09,0.38,0.15,-0.49,-0.34,-48.3,0.05,-0.08,9.79,0.07,-0.19,-0.11
1782855278.240885,1.52,1.14,-68.21,-0.19,0.26,9.77,0.08,0.37,0.15,-0.49,-0.34,-48.3,0.06,-0.08,9.8,0.11,-0.19,-0.13
1782855278.3149216,1.52,1.14,-68.22,-0.19,0.26,9.77,0.08,0.38,0.12,-0.49,-0.34,-48.3,0.05,-0.08,9.8,0.12,-0.19,-0.16
1782855278.3890028,1.52,1.14,-68.22,-0.19,0.26,9.76,0.09,0.39,0.12,-0.49,-0.34,-48.3,0.06,-0.08,9.8,0.1,-0.19,-0.11
1782855278.463421,1.52,1.14,-68.23,-0.19,0.26,9.77,0.09,0.36,0.13,-0.49,-0.34,-48.3,0.05,-0.08,9.79,0.09,-0.2,-0.14
1782855278.5372963,1.52,1.14,-68.23,-0.19,0.26,9.76,0.09,0.39,0.13,-0.49,-0.34,-48.3,0.05,-0.08,9.8,0.09,-0.16,-0.07
1782855278.611241,1.52,1.14,-68.24,-0.19,0.26,9.77,0.07,0.39,0.11,-0.49,-0.34,-48.3,0.06,-0.08,9.8,0.1,-0.18,-0.14
1782855278.6852305,1.52,1.14,-68.24,-0.19,0.25,9.77,0.11,0.35,0.13,-0.49,-0.34,-48.3,0.05,-0.08,9.8,0.09,-0.18,-0.14
1782855278.7588487,1.52,1.14,-68.25,-0.18,0.26,9.77,0.09,0.37,0.14,-0.49,-0.34,-48.31,0.06,-0.08,9.8,0.11,-0.17,-0.11
1782855278.8328547,1.52,1.14,-68.25,-0.19,0.26,9.77,0.08,0.38,0.13,-0.49,-0.34,-48.31,0.06,-0.07,9.79,0.1,-0.17,-0.1
1782855278.907424,1.52,1.14,-68.26,-0.19,0.26,9.77,0.06,0.35,0.15,-0.49,-0.34,-48.31,0.05,-0.08,9.79,0.09,-0.19,-0.12
1782855278.981212,1.52,1.15,-68.26,-0.19,0.26,9.77,0.07,0.38,0.11,-0.49,-0.34,-48.31,0.06,-0.07,9.79,0.11,-0.19,-0.11
1782855279.0548697,1.52,1.15,-68.27,-0.19,0.26,9.77,0.08,0.37,0.13,-0.49,-0.34,-48.31,0.05,-0.07,9.8,0.1,-0.16,-0.12
1782855279.1290064,1.52,1.15,-68.27,-0.19,0.26,9.77,0.06,0.36,0.13,-0.49,-0.34,-48.31,0.06,-0.07,9.79,0.11,-0.2,-0.12
1782855279.2034273,1.52,1.15,-68.28,-0.2,0.26,9.77,0.08,0.37,0.12,-0.49,-0.34,-48.31,0.06,-0.08,9.8,0.07,-0.17,-0.09
1782855279.2775462,1.52,1.15,-68.28,-0.19,0.25,9.77,0.08,0.38,0.11,-0.49,-0.34,-48.31,0.06,-0.07,9.79,0.09,-0.19,-0.13
1782855279.3510299,1.52,1.15,-68.29,-0.19,0.26,9.77,0.09,0.36,0.16,-0.49,-0.34,-48.31,0.06,-0.09,9.8,0.11,-0.21,-0.11
1782855279.4252331,1.52,1.15,-68.29,-0.18,0.26,9.76,0.06,0.37,0.15,-0.49,-0.34,-48.32,0.06,-0.07,9.8,0.11,-0.18,-0.16
1782855279.4989004,1.52,1.15,-68.3,-0.18,0.26,9.77,0.06,0.36,0.14,-0.49,-0.34,-48.32,0.06,-0.08,9.79,0.12,-0.19,-0.1
1782855279.5728948,1.52,1.15,-68.3,-0.19,0.26,9.77,0.06,0.39,0.11,-0.49,-0.34,-48.32,0.05,-0.08,9.79,0.06,-0.18,-0.12
1782855279.646951,1.52,1.14,-68.31,-0.19,0.26,9.77,0.07,0.38,0.12,-0.49,-0.34,-48.32,0.05,-0.07,9.8,0.09,-0.18,-0.12
1782855279.7209692,1.52,1.14,-68.32,-0.19,0.26,9.77,0.08,0.37,0.14,-0.49,-0.34,-48.32,0.05,-0.08,9.8,0.08,-0.18,-0.15
1782855279.794911,1.52,1.14,-68.32,-0.19,0.26,9.78,0.07,0.36,0.12,-0.49,-0.34,-48.32,0.06,-0.08,9.8,0.08,-0.18,-0.11
1782855279.8692603,1.52,1.14,-68.33,-0.18,0.26,9.77,0.1,0.38,0.12,-0.49,-0.34,-48.32,0.06,-0.08,9.79,0.13,-0.17,-0.09
1782855279.9429185,1.52,1.15,-68.33,-0.19,0.25,9.76,0.1,0.37,0.14,-0.49,-0.34,-48.32,0.05,-0.08,9.79,0.07,-0.18,-0.13
1782855280.0168698,1.52,1.14,-68.34,-0.19,0.27,9.77,0.07,0.33,0.12,-0.49,-0.34,-48.33,0.06,-0.08,9.79,0.1,-0.18,-0.09
1782855280.0915935,1.52,1.14,-68.34,-0.2,0.25,9.77,0.04,0.38,0.16,-0.49,-0.34,-48.33,0.05,-0.08,9.8,0.09,-0.17,-0.11
1782855280.1649277,1.52,1.14,-68.35,-0.18,0.26,9.77,0.08,0.35,0.16,-0.49,-0.34,-48.33,0.05,-0.08,9.79,0.09,-0.2,-0.13
1782855280.2392473,1.52,1.14,-68.35,-0.19,0.26,9.77,0.08,0.36,0.15,-0.49,-0.34,-48.33,0.05,-0.08,9.8,0.06,-0.2,-0.11
1782855280.3133216,1.52,1.14,-68.35,-0.19,0.26,9.77,0.06,0.39,0.16,-0.49,-0.34,-48.33,0.06,-0.08,9.8,0.08,-0.18,-0.07
1782855280.3874016,1.52,1.14,-68.36,-0.19,0.26,9.77,0.09,0.36,0.13,-0.49,-0.34,-48.33,0.05,-0.08,9.79,0.05,-0.19,-0.12
1782855280.4610322,1.52,1.14,-68.37,-0.19,0.26,9.77,0.06,0.36,0.13,-0.49,-0.34,-48.33,0.05,-0.08,9.79,0.09,-0.17,-0.12
1782855280.5352378,1.52,1.14,-68.37,-0.19,0.26,9.77,0.08,0.36,0.14,-0.49,-0.34,-48.33,0.05,-0.08,9.79,0.08,-0.18,-0.13
1782855280.6093724,1.52,1.14,-68.38,-0.19,0.25,9.77,0.1,0.36,0.1,-0.49,-0.34,-48.33,0.05,-0.08,9.79,0.08,-0.18,-0.11
1782855280.682895,1.52,1.14,-68.38,-0.19,0.26,9.77,0.08,0.37,0.11,-0.49,-0.34,-48.33,0.06,-0.07,9.8,0.07,-0.21,-0.11
1782855280.7568722,1.52,1.14,-68.39,-0.18,0.26,9.77,0.11,0.37,0.13,-0.49,-0.34,-48.33,0.05,-0.08,9.79,0.11,-0.2,-0.09
1782855280.8314521,1.52,1.14,-68.39,-0.19,0.26,9.77,0.1,0.38,0.15,-0.49,-0.34,-48.33,0.06,-0.08,9.8,0.08,-0.18,-0.1
1782855280.9054484,1.52,1.15,-68.4,-0.19,0.26,9.76,0.07,0.36,0.13,-0.49,-0.34,-48.34,0.05,-0.08,9.8,0.04,-0.15,-0.13
1782855280.9789972,1.52,1.14,-68.4,-0.19,0.26,9.77,0.06,0.34,0.15,-0.49,-0.34,-48.34,0.05,-0.07,9.79,0.09,-0.17,-0.11
1782855281.0533366,1.52,1.14,-68.41,-0.19,0.27,9.77,0.08,0.36,0.12,-0.49,-0.34,-48.34,0.05,-0.08,9.79,0.09,-0.18,-0.12
1782855281.1272364,1.52,1.14,-68.41,-0.19,0.26,9.78,0.08,0.38,0.09,-0.49,-0.34,-48.34,0.05,-0.08,9.79,0.1,-0.18,-0.11
1782855281.2010062,1.52,1.15,-68.42,-0.19,0.26,9.77,0.07,0.36,0.15,-0.49,-0.34,-48.34,0.05,-0.08,9.79,0.1,-0.18,-0.11
1782855281.2753232,1.52,1.15,-68.43,-0.19,0.26,9.77,0.07,0.34,0.12,-0.49,-0.34,-48.34,0.05,-0.08,9.8,0.08,-0.18,-0.15
1782855281.3492076,1.52,1.14,-68.43,-0.19,0.26,9.77,0.07,0.33,0.13,-0.49,-0.34,-48.34,0.05,-0.07,9.8,0.09,-0.2,-0.08
1782855281.423266,1.52,1.14,-68.44,-0.19,0.26,9.77,0.08,0.39,0.13,-0.49,-0.34,-48.34,0.05,-0.07,9.8,0.1,-0.2,-0.14
1782855281.4968872,1.52,1.14,-68.44,-0.2,0.27,9.77,0.1,0.35,0.13,-0.49,-0.35,-48.34,0.06,-0.08,9.8,0.13,-0.18,-0.1
1782855281.5711293,1.52,1.14,-68.45,-0.19,0.26,9.77,0.07,0.37,0.12,-0.49,-0.35,-48.34,0.06,-0.07,9.8,0.11,-0.19,-0.13
1782855281.6452389,1.52,1.14,-68.45,-0.19,0.26,9.77,0.05,0.39,0.1,-0.49,-0.35,-48.34,0.05,-0.08,9.8,0.1,-0.18,-0.12
1782855281.7202601,1.52,1.14,-68.46,-0.19,0.26,9.77,0.07,0.35,0.13,-0.49,-0.35,-48.34,0.05,-0.08,9.8,0.1,-0.15,-0.15
1782855281.7928903,1.52,1.14,-68.46,-0.19,0.26,9.78,0.07,0.34,0.14,-0.49,-0.35,-48.35,0.05,-0.08,9.8,0.1,-0.22,-0.1
1782855281.8668993,1.52,1.14,-68.47,-0.19,0.27,9.77,0.08,0.37,0.12,-0.49,-0.35,-48.35,0.05,-0.08,9.79,0.11,-0.18,-0.1
1782855281.9411469,1.52,1.14,-68.47,-0.18,0.27,9.77,0.08,0.37,0.13,-0.49,-0.35,-48.35,0.06,-0.07,9.8,0.08,-0.17,-0.14
1782855282.0149133,1.52,1.14,-68.48,-0.19,0.25,9.77,0.08,0.36,0.13,-0.49,-0.35,-48.35,0.06,-0.07,9.8,0.07,-0.2,-0.11
1782855282.089248,1.52,1.14,-68.48,-0.19,0.26,9.76,0.09,0.35,0.11,-0.49,-0.35,-48.35,0.06,-0.08,9.8,0.11,-0.22,-0.08
1782855282.163457,1.52,1.14,-68.49,-0.19,0.26,9.77,0.07,0.35,0.13,-0.49,-0.35,-48.35,0.06,-0.08,9.8,0.08,-0.19,-0.11
1782855282.236983,1.52,1.14,-68.49,-0.19,0.25,9.77,0.07,0.39,0.13,-0.49,-0.35,-48.35,0.05,-0.08,9.8,0.1,-0.18,-0.07
1782855282.311231,1.52,1.14,-68.5,-0.19,0.26,9.77,0.07,0.37,0.13,-0.49,-0.35,-48.35,0.05,-0.08,9.8,0.1,-0.17,-0.1
1782855282.3849273,1.52,1.14,-68.5,-0.18,0.26,9.77,0.08,0.35,0.15,-0.5,-0.35,-48.35,0.05,-0.07,9.79,0.11,-0.17,-0.14
1782855282.4589865,1.52,1.14,-68.51,-0.18,0.26,9.78,0.05,0.38,0.13,-0.5,-0.35,-48.36,0.06,-0.08,9.79,0.11,-0.18,-0.16
1782855282.5333385,1.52,1.14,-68.51,-0.19,0.26,9.76,0.08,0.34,0.16,-0.49,-0.35,-48.36,0.05,-0.08,9.79,0.13,-0.15,-0.13
1782855282.6074255,1.52,1.14,-68.52,-0.19,0.26,9.77,0.06,0.38,0.13,-0.49,-0.35,-48.36,0.05,-0.08,9.8,0.08,-0.19,-0.1
1782855282.6812222,1.52,1.14,-68.52,-0.19,0.26,9.76,0.09,0.38,0.13,-0.49,-0.35,-48.36,0.05,-0.08,9.79,0.12,-0.18,-0.12
1782855282.7549777,1.52,1.14,-68.53,-0.19,0.26,9.77,0.06,0.38,0.15,-0.49,-0.35,-48.36,0.06,-0.08,9.79,0.08,-0.17,-0.13
1782855282.8289142,1.52,1.14,-68.53,-0.19,0.26,9.77,0.09,0.38,0.14,-0.49,-0.35,-48.36,0.06,-0.07,9.79,0.1,-0.17,-0.12
1782855282.9033508,1.52,1.14,-68.54,-0.18,0.26,9.78,0.08,0.37,0.09,-0.49,-0.35,-48.36,0.06,-0.08,9.79,0.09,-0.21,-0.12
1782855282.9772825,1.52,1.14,-68.55,-0.19,0.26,9.77,0.07,0.35,0.13,-0.49,-0.35,-48.36,0.05,-0.08,9.81,0.08,-0.15,-0.12
1782855283.0509846,1.52,1.14,-68.55,-0.19,0.26,9.78,0.05,0.4,0.15,-0.49,-0.35,-48.36,0.06,-0.08,9.79,0.11,-0.18,-0.15
1782855283.125392,1.52,1.14,-68.56,-0.19,0.26,9.77,0.07,0.39,0.14,-0.49,-0.35,-48.37,0.05,-0.08,9.79,0.11,-0.18,-0.11
1782855283.1989996,1.52,1.14,-68.56,-0.18,0.26,9.77,0.06,0.35,0.13,-0.49,-0.35,-48.37,0.05,-0.08,9.81,0.06,-0.18,-0.13
1782855283.273392,1.52,1.14,-68.57,-0.19,0.26,9.77,0.07,0.38,0.1,-0.49,-0.35,-48.37,0.06,-0.08,9.79,0.09,-0.18,-0.15
1782855283.3472333,1.52,1.14,-68.57,-0.18,0.26,9.77,0.1,0.38,0.16,-0.49,-0.35,-48.37,0.05,-0.08,9.79,0.09,-0.16,-0.12
1782855283.4214482,1.52,1.14,-68.58,-0.19,0.25,9.77,0.04,0.37,0.13,-0.49,-0.35,-48.37,0.06,-0.08,9.8,0.07,-0.19,-0.12
1782855283.4951448,1.52,1.14,-68.58,-0.19,0.26,9.76,0.07,0.36,0.13,-0.49,-0.35,-48.37,0.05,-0.08,9.79,0.08,-0.21,-0.14
1782855283.5689173,1.52,1.14,-68.59,-0.19,0.26,9.77,0.09,0.4,0.13,-0.49,-0.35,-48.38,0.06,-0.08,9.8,0.1,-0.18,-0.11
1782855283.643781,1.52,1.14,-68.59,-0.19,0.27,9.78,0.08,0.37,0.13,-0.49,-0.35,-48.38,0.06,-0.08,9.8,0.11,-0.17,-0.14
1782855283.7174847,1.52,1.14,-68.6,-0.19,0.26,9.76,0.08,0.37,0.13,-0.49,-0.35,-48.38,0.06,-0.07,9.8,0.09,-0.2,-0.11
1782855283.790868,1.52,1.14,-68.6,-0.19,0.25,9.78,0.1,0.34,0.12,-0.49,-0.34,-48.38,0.06,-0.08,9.8,0.09,-0.18,-0.11
1782855283.8649998,1.52,1.14,-68.61,-0.19,0.26,9.77,0.05,0.36,0.12,-0.49,-0.34,-48.38,0.06,-0.08,9.8,0.12,-0.16,-0.13
1782855283.939541,1.52,1.14,-68.61,-0.19,0.26,9.77,0.06,0.37,0.14,-0.49,-0.34,-48.38,0.07,-0.08,9.79,0.1,-0.17,-0.14
1782855284.0132403,1.52,1.14,-68.62,-0.19,0.26,9.77,0.11,0.36,0.14,-0.49,-0.34,-48.38,0.05,-0.07,9.8,0.09,-0.18,-0.13
1782855284.0869093,1.52,1.14,-68.62,-0.19,0.26,9.77,0.06,0.36,0.14,-0.49,-0.34,-48.38,0.05,-0.08,9.79,0.06,-0.14,-0.11
1782855284.1609013,1.52,1.14,-68.63,-0.19,0.27,9.78,0.06,0.38,0.18,-0.49,-0.34,-48.38,0.06,-0.07,9.8,0.08,-0.17,-0.13
1782855284.2349453,1.52,1.14,-68.63,-0.19,0.26,9.78,0.07,0.36,0.14,-0.49,-0.34,-48.38,0.05,-0.08,9.8,0.1,-0.17,-0.1
1782855284.3089173,1.52,1.14,-68.64,-0.19,0.26,9.77,0.1,0.36,0.12,-0.49,-0.34,-48.39,0.05,-0.08,9.8,0.07,-0.17,-0.14
1782855284.382892,1.52,1.14,-68.65,-0.19,0.26,9.77,0.07,0.37,0.12,-0.49,-0.34,-48.39,0.06,-0.08,9.8,0.09,-0.18,-0.16
1782855284.4568958,1.52,1.13,-68.65,-0.19,0.26,9.77,0.07,0.35,0.13,-0.49,-0.34,-48.39,0.06,-0.08,9.78,0.09,-0.18,-0.12
1782855284.5309114,1.52,1.13,-68.66,-0.19,0.26,9.76,0.09,0.4,0.12,-0.49,-0.34,-48.39,0.05,-0.08,9.8,0.13,-0.18,-0.13
1782855284.6049016,1.52,1.13,-68.66,-0.19,0.26,9.77,0.07,0.35,0.15,-0.49,-0.34,-48.39,0.06,-0.08,9.79,0.11,-0.19,-0.11
1782855284.6789339,1.52,1.13,-68.67,-0.19,0.26,9.76,0.07,0.35,0.15,-0.49,-0.34,-48.39,0.06,-0.08,9.8,0.1,-0.2,-0.11
1782855284.7529247,1.52,1.13,-68.67,-0.19,0.26,9.77,0.07,0.36,0.1,-0.49,-0.34,-48.39,0.06,-0.08,9.8,0.08,-0.17,-0.11
1782855284.8268793,1.52,1.13,-68.68,-0.19,0.26,9.78,0.06,0.35,0.11,-0.49,-0.34,-48.39,0.05,-0.08,9.8,0.07,-0.18,-0.11
1782855284.9009166,1.52,1.13,-68.68,-0.19,0.26,9.77,0.07,0.38,0.16,-0.49,-0.34,-48.39,0.06,-0.08,9.79,0.1,-0.18,-0.1
1782855284.9752777,1.52,1.13,-68.69,-0.19,0.26,9.77,0.07,0.37,0.12,-0.49,-0.34,-48.39,0.05,-0.08,9.8,0.09,-0.19,-0.09
1782855285.0489204,1.52,1.13,-68.69,-0.19,0.25,9.77,0.08,0.34,0.14,-0.49,-0.34,-48.4,0.05,-0.07,9.8,0.09,-0.19,-0.12
1782855285.123251,1.52,1.13,-68.7,-0.19,0.26,9.76,0.06,0.34,0.12,-0.49,-0.34,-48.4,0.06,-0.08,9.8,0.11,-0.18,-0.09
1782855285.197661,1.52,1.13,-68.7,-0.19,0.26,9.77,0.08,0.35,0.13,-0.49,-0.34,-48.4,0.06,-0.08,9.79,0.11,-0.23,-0.09
1782855285.2709098,1.52,1.13,-68.71,-0.19,0.26,9.77,0.09,0.36,0.11,-0.49,-0.34,-48.4,0.05,-0.08,9.79,0.1,-0.19,-0.14
1782855285.34492,1.52,1.13,-68.71,-0.19,0.26,9.77,0.07,0.37,0.12,-0.49,-0.34,-48.4,0.05,-0.08,9.79,0.11,-0.16,-0.09
1782855285.4190128,1.52,1.13,-68.72,-0.19,0.26,9.77,0.09,0.36,0.15,-0.49,-0.34,-48.4,0.06,-0.08,9.8,0.08,-0.19,-0.12
1782855285.4929013,1.52,1.13,-68.72,-0.19,0.26,9.77,0.07,0.34,0.12,-0.49,-0.34,-48.4,0.06,-0.07,9.8,0.09,-0.2,-0.12
1782855285.5670187,1.52,1.13,-68.73,-0.19,0.26,9.77,0.06,0.36,0.14,-0.49,-0.34,-48.4,0.06,-0.08,9.79,0.09,-0.17,-0.15
1782855285.6410193,1.52,1.13,-68.74,-0.19,0.26,9.77,0.09,0.36,0.14,-0.49,-0.34,-48.4,0.06,-0.07,9.79,0.06,-0.18,-0.14
1782855285.7154386,1.52,1.13,-68.74,-0.19,0.26,9.77,0.09,0.38,0.12,-0.49,-0.34,-48.4,0.05,-0.07,9.8,0.11,-0.15,-0.11
1782855285.78887,1.52,1.13,-68.75,-0.19,0.26,9.77,0.12,0.36,0.15,-0.49,-0.34,-48.41,0.05,-0.08,9.79,0.07,-0.2,-0.11
1782855285.8629029,1.52,1.13,-68.75,-0.18,0.26,9.77,0.09,0.37,0.17,-0.49,-0.34,-48.41,0.05,-0.08,9.8,0.1,-0.18,-0.12
1782855285.9369342,1.52,1.13,-68.76,-0.19,0.26,9.77,0.08,0.38,0.16,-0.49,-0.34,-48.41,0.06,-0.08,9.8,0.09,-0.18,-0.11
1782855286.0113444,1.52,1.13,-68.76,-0.19,0.26,9.77,0.1,0.36,0.13,-0.49,-0.34,-48.41,0.05,-0.07,9.79,0.1,-0.19,-0.13
1782855286.0852373,1.52,1.13,-68.77,-0.19,0.26,9.77,0.02,0.35,0.12,-0.49,-0.34,-48.41,0.06,-0.08,9.79,0.08,-0.2,-0.12
1782855286.159744,1.52,1.13,-68.77,-0.19,0.26,9.77,0.08,0.38,0.13,-0.49,-0.34,-48.41,0.06,-0.08,9.79,0.1,-0.16,-0.1
1782855286.232944,1.51,1.13,-68.78,-0.19,0.26,9.77,0.12,0.37,0.13,-0.49,-0.34,-48.41,0.05,-0.09,9.8,0.1,-0.18,-0.15
1782855286.3069382,1.51,1.13,-68.78,-0.19,0.26,9.77,0.07,0.36,0.12,-0.49,-0.34,-48.41,0.06,-0.08,9.79,0.11,-0.15,-0.11
1782855286.3809397,1.51,1.13,-68.79,-0.19,0.25,9.77,0.07,0.4,0.16,-0.49,-0.34,-48.41,0.05,-0.08,9.8,0.12,-0.16,-0.11
1782855286.4548967,1.51,1.13,-68.79,-0.19,0.27,9.77,0.07,0.35,0.12,-0.49,-0.34,-48.42,0.05,-0.08,9.79,0.08,-0.16,-0.14
1782855286.5288947,1.51,1.13,-68.8,-0.19,0.26,9.76,0.07,0.35,0.14,-0.49,-0.34,-48.42,0.06,-0.08,9.79,0.09,-0.15,-0.11
1782855286.6028757,1.52,1.13,-68.8,-0.19,0.27,9.78,0.08,0.35,0.13,-0.49,-0.34,-48.42,0.06,-0.08,9.8,0.09,-0.16,-0.09
1782855286.676953,1.52,1.13,-68.81,-0.19,0.26,9.77,0.09,0.34,0.1,-0.49,-0.34,-48.42,0.05,-0.07,9.79,0.13,-0.15,-0.12
1782855286.750901,1.52,1.13,-68.81,-0.18,0.25,9.77,0.07,0.36,0.14,-0.49,-0.34,-48.42,0.05,-0.07,9.8,0.09,-0.16,-0.11
1782855286.8249066,1.52,1.13,-68.82,-0.19,0.26,9.77,0.1,0.37,0.13,-0.49,-0.34,-48.42,0.05,-0.08,9.79,0.08,-0.18,-0.12
1782855286.8992524,1.52,1.13,-68.82,-0.19,0.26,9.77,0.06,0.4,0.13,-0.49,-0.34,-48.42,0.05,-0.07,9.79,0.1,-0.19,-0.12
1782855286.972904,1.52,1.13,-68.83,-0.19,0.26,9.77,0.07,0.35,0.12,-0.49,-0.34,-48.43,0.06,-0.08,9.79,0.09,-0.22,-0.11
1782855287.0473092,1.52,1.13,-68.83,-0.19,0.26,9.76,0.07,0.38,0.11,-0.49,-0.34,-48.43,0.06,-0.08,9.8,0.11,-0.18,-0.12
1782855287.1209033,1.52,1.13,-68.84,-0.19,0.27,9.76,0.07,0.36,0.11,-0.49,-0.34,-48.43,0.06,-0.08,9.8,0.09,-0.19,-0.11
1782855287.1957383,1.52,1.13,-68.84,-0.18,0.26,9.77,0.05,0.37,0.13,-0.49,-0.34,-48.43,0.06,-0.08,9.8,0.13,-0.21,-0.09
1782855287.2692847,1.52,1.13,-68.85,-0.19,0.26,9.76,0.07,0.37,0.13,-0.49,-0.34,-48.43,0.05,-0.08,9.8,0.09,-0.2,-0.15
1782855287.3429716,1.52,1.13,-68.85,-0.19,0.27,9.77,0.09,0.38,0.13,-0.49,-0.34,-48.43,0.05,-0.08,9.79,0.11,-0.2,-0.13
1782855287.4176295,1.52,1.13,-68.86,-0.19,0.26,9.76,0.06,0.36,0.14,-0.49,-0.34,-48.43,0.05,-0.08,9.79,0.1,-0.16,-0.16
1782855287.491321,1.52,1.13,-68.86,-0.19,0.26,9.77,0.09,0.4,0.15,-0.49,-0.34,-48.44,0.05,-0.08,9.79,0.09,-0.18,-0.15
1782855287.5649493,1.52,1.13,-68.87,-0.19,0.26,9.77,0.08,0.38,0.15,-0.49,-0.34,-48.44,0.06,-0.08,9.8,0.09,-0.17,-0.14
1782855287.6389356,1.52,1.13,-68.87,-0.19,0.26,9.77,0.09,0.38,0.13,-0.49,-0.34,-48.44,0.06,-0.07,9.79,0.1,-0.2,-0.15
1782855287.7129872,1.52,1.13,-68.88,-0.19,0.26,9.77,0.07,0.38,0.15,-0.49,-0.34,-48.44,0.05,-0.08,9.79,0.1,-0.2,-0.12
1782855287.7872927,1.52,1.13,-68.88,-0.19,0.27,9.77,0.09,0.35,0.15,-0.49,-0.34,-48.44,0.05,-0.08,9.8,0.12,-0.17,-0.13
1782855287.860933,1.52,1.13,-68.89,-0.19,0.27,9.77,0.08,0.33,0.12,-0.49,-0.34,-48.44,0.06,-0.07,9.79,0.09,-0.16,-0.11
1782855287.9352682,1.52,1.13,-68.89,-0.19,0.26,9.77,0.08,0.37,0.14,-0.49,-0.34,-48.44,0.06,-0.08,9.79,0.09,-0.18,-0.14
1782855288.0089355,1.52,1.13,-68.9,-0.19,0.26,9.77,0.07,0.34,0.14,-0.49,-0.34,-48.44,0.06,-0.08,9.8,0.1,-0.19,-0.14
1782855288.083008,1.52,1.13,-68.9,-0.19,0.26,9.76,0.07,0.34,0.14,-0.49,-0.34,-48.45,0.05,-0.08,9.79,0.09,-0.2,-0.12
1782855288.1569343,1.52,1.13,-68.91,-0.19,0.26,9.77,0.06,0.36,0.12,-0.49,-0.34,-48.45,0.05,-0.08,9.79,0.08,-0.17,-0.1
1782855288.2309973,1.52,1.13,-68.91,-0.19,0.26,9.76,0.07,0.37,0.16,-0.49,-0.34,-48.45,0.05,-0.08,9.8,0.1,-0.17,-0.12
1782855288.3049362,1.52,1.13,-68.92,-0.19,0.27,9.78,0.05,0.37,0.13,-0.49,-0.34,-48.45,0.05,-0.08,9.8,0.09,-0.18,-0.12
1782855288.3789618,1.52,1.13,-68.92,-0.19,0.26,9.76,0.09,0.34,0.11,-0.49,-0.34,-48.45,0.05,-0.07,9.79,0.08,-0.18,-0.12
1782855288.453031,1.52,1.13,-68.93,-0.19,0.26,9.77,0.06,0.37,0.15,-0.49,-0.34,-48.45,0.05,-0.07,9.8,0.08,-0.18,-0.1
1782855288.5269194,1.51,1.13,-68.93,-0.19,0.26,9.77,0.05,0.36,0.1,-0.49,-0.34,-48.45,0.06,-0.08,9.79,0.09,-0.17,-0.13
1782855288.6009061,1.51,1.13,-68.94,-0.19,0.26,9.77,0.07,0.38,0.12,-0.49,-0.34,-48.45,0.05,-0.07,9.8,0.12,-0.17,-0.11
1782855288.6750293,1.51,1.13,-68.94,-0.19,0.26,9.77,0.04,0.36,0.14,-0.49,-0.34,-48.45,0.05,-0.08,9.79,0.08,-0.16,-0.12
1782855288.7488875,1.51,1.13,-68.95,-0.19,0.26,9.77,0.08,0.37,0.16,-0.49,-0.34,-48.45,0.05,-0.08,9.8,0.09,-0.17,-0.12
1782855288.8229244,1.51,1.13,-68.95,-0.18,0.26,9.77,0.06,0.38,0.15,-0.49,-0.34,-48.46,0.05,-0.08,9.79,0.08,-0.18,-0.12
1782855288.897023,1.51,1.13,-68.96,-0.19,0.26,9.77,0.09,0.36,0.13,-0.49,-0.34,-48.46,0.06,-0.07,9.8,0.1,-0.18,-0.11
1782855288.9709399,1.51,1.13,-68.97,-0.18,0.26,9.77,0.07,0.37,0.16,-0.49,-0.34,-48.46,0.06,-0.08,9.79,0.1,-0.15,-0.12
1782855289.044922,1.51,1.13,-68.97,-0.19,0.26,9.78,0.07,0.33,0.15,-0.49,-0.34,-48.46,0.05,-0.08,9.79,0.09,-0.17,-0.08
1782855289.1190045,1.51,1.13,-68.98,-0.19,0.26,9.77,0.09,0.4,0.11,-0.49,-0.34,-48.46,0.06,-0.08,9.79,0.1,-0.16,-0.09
1782855289.1928887,1.51,1.13,-68.98,-0.19,0.26,9.77,0.09,0.35,0.15,-0.48,-0.34,-48.46,0.05,-0.08,9.79,0.12,-0.21,-0.12
1782855289.26694,1.51,1.13,-68.99,-0.19,0.26,9.77,0.09,0.34,0.13,-0.48,-0.34,-48.46,0.06,-0.08,9.79,0.11,-0.19,-0.12
1782855289.3409467,1.51,1.13,-68.99,-0.19,0.27,9.77,0.07,0.39,0.12,-0.48,-0.34,-48.46,0.05,-0.07,9.79,0.09,-0.18,-0.12
1782855289.414906,1.51,1.13,-69.0,-0.19,0.25,9.77,0.08,0.33,0.12,-0.48,-0.34,-48.46,0.06,-0.07,9.79,0.06,-0.18,-0.14
1782855289.4895356,1.51,1.13,-69.0,-0.19,0.26,9.77,0.06,0.38,0.15,-0.48,-0.34,-48.47,0.06,-0.08,9.81,0.1,-0.18,-0.14
1782855289.5629683,1.51,1.13,-69.01,-0.19,0.27,9.77,0.06,0.35,0.12,-0.48,-0.34,-48.47,0.06,-0.08,9.8,0.09,-0.16,-0.12
1782855289.636915,1.51,1.13,-69.01,-0.19,0.25,9.77,0.07,0.38,0.1,-0.48,-0.34,-48.47,0.06,-0.08,9.8,0.12,-0.17,-0.12
1782855289.7117133,1.51,1.13,-69.02,-0.19,0.26,9.77,0.08,0.37,0.12,-0.48,-0.34,-48.47,0.06,-0.08,9.8,0.1,-0.19,-0.12
1782855289.7849445,1.51,1.13,-69.02,-0.19,0.26,9.77,0.09,0.38,0.16,-0.48,-0.34,-48.47,0.05,-0.08,9.79,0.11,-0.19,-0.12
1782855289.8588917,1.51,1.13,-69.03,-0.18,0.26,9.77,0.07,0.36,0.12,-0.48,-0.34,-48.47,0.05,-0.08,9.8,0.07,-0.18,-0.17
1782855289.933024,1.51,1.13,-69.04,-0.19,0.26,9.77,0.08,0.38,0.1,-0.48,-0.34,-48.47,0.05,-0.07,9.8,0.13,-0.19,-0.14
1782855290.0069733,1.51,1.13,-69.04,-0.19,0.26,9.77,0.09,0.36,0.14,-0.48,-0.34,-48.48,0.05,-0.08,9.79,0.1,-0.2,-0.14
1782855290.0812957,1.51,1.13,-69.05,-0.19,0.26,9.77,0.09,0.37,0.09,-0.48,-0.34,-48.48,0.06,-0.09,9.79,0.05,-0.19,-0.13
1782855290.155567,1.51,1.13,-69.05,-0.19,0.26,9.77,0.06,0.37,0.11,-0.48,-0.34,-48.48,0.06,-0.08,9.8,0.11,-0.17,-0.09
1782855290.2295382,1.51,1.13,-69.06,-0.18,0.26,9.77,0.04,0.37,0.17,-0.48,-0.34,-48.48,0.05,-0.07,9.79,0.09,-0.18,-0.14
1782855290.3036084,1.51,1.13,-69.06,-0.19,0.25,9.77,0.06,0.37,0.12,-0.48,-0.34,-48.48,0.05,-0.07,9.8,0.08,-0.22,-0.12
1782855290.3777559,1.51,1.13,-69.07,-0.19,0.26,9.78,0.07,0.37,0.11,-0.48,-0.34,-48.48,0.06,-0.07,9.8,0.11,-0.21,-0.14
1782855290.450911,1.51,1.13,-69.07,-0.19,0.26,9.76,0.1,0.37,0.11,-0.49,-0.34,-48.48,0.06,-0.08,9.79,0.08,-0.18,-0.1
1782855290.5249438,1.51,1.13,-69.08,-0.19,0.27,9.77,0.08,0.35,0.14,-0.48,-0.34,-48.48,0.05,-0.07,9.79,0.09,-0.19,-0.1
1782855290.5989614,1.51,1.13,-69.08,-0.19,0.26,9.77,0.06,0.39,0.1,-0.48,-0.34,-48.49,0.05,-0.08,9.79,0.13,-0.19,-0.13
1782855290.673047,1.51,1.13,-69.09,-0.19,0.26,9.76,0.08,0.36,0.15,-0.48,-0.34,-48.49,0.05,-0.08,9.8,0.08,-0.18,-0.14
1782855290.746942,1.51,1.13,-69.09,-0.19,0.26,9.77,0.09,0.38,0.1,-0.48,-0.34,-48.49,0.05,-0.07,9.79,0.11,-0.19,-0.1
1782855290.821054,1.51,1.13,-69.1,-0.18,0.26,9.76,0.06,0.37,0.15,-0.48,-0.34,-48.49,0.06,-0.07,9.8,0.1,-0.18,-0.15
1782855290.895273,1.51,1.13,-69.1,-0.19,0.26,9.77,0.08,0.38,0.13,-0.48,-0.34,-48.49,0.05,-0.08,9.8,0.09,-0.17,-0.12
1782855290.9691927,1.51,1.13,-69.11,-0.19,0.26,9.77,0.09,0.37,0.17,-0.48,-0.34,-48.49,0.06,-0.08,9.8,0.04,-0.19,-0.12
1782855291.0434492,1.51,1.13,-69.11,-0.19,0.25,9.78,0.09,0.35,0.12,-0.48,-0.34,-48.49,0.05,-0.08,9.8,0.07,-0.18,-0.11
1782855291.116962,1.51,1.13,-69.12,-0.19,0.26,9.77,0.08,0.35,0.16,-0.48,-0.34,-48.5,0.06,-0.08,9.8,0.11,-0.17,-0.14
1782855291.1919422,1.51,1.13,-69.13,-0.19,0.26,9.77,0.06,0.35,0.11,-0.48,-0.34,-48.5,0.06,-0.08,9.79,0.07,-0.19,-0.13
1782855291.264906,1.51,1.13,-69.13,-0.19,0.26,9.76,0.07,0.37,0.12,-0.48,-0.33,-48.5,0.05,-0.08,9.79,0.06,-0.18,-0.12
1782855291.338978,1.51,1.13,-69.14,-0.19,0.26,9.77,0.07,0.38,0.15,-0.48,-0.34,-48.5,0.05,-0.08,9.79,0.08,-0.19,-0.13
1782855291.4132795,1.51,1.13,-69.14,-0.19,0.26,9.77,0.07,0.35,0.11,-0.48,-0.34,-48.5,0.05,-0.07,9.79,0.1,-0.2,-0.13
1782855291.4874358,1.51,1.13,-69.15,-0.19,0.26,9.77,0.06,0.38,0.1,-0.48,-0.33,-48.5,0.05,-0.08,9.8,0.12,-0.16,-0.14
1782855291.5615485,1.51,1.13,-69.15,-0.19,0.26,9.77,0.08,0.38,0.12,-0.48,-0.33,-48.5,0.05,-0.08,9.79,0.11,-0.18,-0.12
1782855291.635499,1.51,1.13,-69.16,-0.19,0.26,9.76,0.06,0.36,0.13,-0.48,-0.33,-48.5,0.06,-0.08,9.79,0.07,-0.17,-0.09
1782855291.7089386,1.51,1.13,-69.16,-0.19,0.26,9.77,0.08,0.4,0.12,-0.48,-0.33,-48.5,0.05,-0.08,9.79,0.09,-0.17,-0.12
1782855291.783545,1.51,1.12,-69.17,-0.19,0.26,9.77,0.08,0.38,0.15,-0.48,-0.33,-48.51,0.05,-0.08,9.79,0.11,-0.16,-0.14
1782855291.8572807,1.51,1.12,-69.17,-0.19,0.26,9.77,0.08,0.35,0.15,-0.48,-0.33,-48.51,0.05,-0.08,9.8,0.09,-0.2,-0.14
1782855291.9313712,1.51,1.12,-69.18,-0.19,0.27,9.77,0.06,0.38,0.12,-0.48,-0.33,-48.51,0.05,-0.08,9.8,0.11,-0.17,-0.12
1782855292.0052695,1.51,1.12,-69.19,-0.19,0.26,9.77,0.06,0.36,0.12,-0.48,-0.33,-48.51,0.05,-0.08,9.8,0.07,-0.18,-0.15
1782855292.0796983,1.51,1.12,-69.19,-0.19,0.26,9.77,0.09,0.34,0.13,-0.48,-0.33,-48.51,0.06,-0.08,9.8,0.07,-0.18,-0.14
1782855292.1529427,1.51,1.12,-69.2,-0.18,0.26,9.77,0.06,0.37,0.15,-0.49,-0.33,-48.51,0.06,-0.08,9.8,0.09,-0.21,-0.11
1782855292.227002,1.51,1.12,-69.2,-0.19,0.26,9.77,0.07,0.37,0.13,-0.49,-0.33,-48.51,0.06,-0.07,9.8,0.06,-0.16,-0.12
1782855292.301256,1.51,1.12,-69.21,-0.19,0.26,9.77,0.05,0.39,0.14,-0.49,-0.33,-48.51,0.06,-0.08,9.8,0.1,-0.19,-0.1
1782855292.374923,1.51,1.12,-69.21,-0.19,0.25,9.76,0.09,0.36,0.13,-0.49,-0.33,-48.51,0.05,-0.08,9.8,0.09,-0.18,-0.08
1782855292.4492564,1.51,1.12,-69.22,-0.19,0.27,9.77,0.1,0.37,0.13,-0.48,-0.33,-48.51,0.06,-0.08,9.79,0.1,-0.18,-0.1
1782855292.523018,1.51,1.12,-69.22,-0.19,0.26,9.77,0.09,0.32,0.12,-0.49,-0.33,-48.52,0.05,-0.07,9.79,0.1,-0.19,-0.12
1782855292.5969527,1.51,1.12,-69.23,-0.19,0.26,9.77,0.07,0.37,0.14,-0.49,-0.33,-48.52,0.05,-0.08,9.79,0.1,-0.2,-0.12
1782855292.6712546,1.51,1.12,-69.23,-0.19,0.26,9.77,0.07,0.35,0.1,-0.48,-0.33,-48.52,0.06,-0.08,9.79,0.06,-0.2,-0.13
1782855292.744936,1.51,1.12,-69.24,-0.19,0.25,9.77,0.07,0.34,0.15,-0.48,-0.33,-48.52,0.05,-0.08,9.79,0.12,-0.16,-0.13
1782855292.8190408,1.51,1.12,-69.24,-0.19,0.26,9.77,0.08,0.37,0.15,-0.48,-0.33,-48.52,0.05,-0.08,9.79,0.08,-0.17,-0.09
1782855292.892937,1.51,1.12,-69.25,-0.19,0.25,9.77,0.08,0.36,0.12,-0.49,-0.33,-48.52,0.05,-0.07,9.8,0.12,-0.2,-0.12
1782855292.967028,1.51,1.12,-69.25,-0.19,0.27,9.77,0.08,0.38,0.12,-0.48,-0.33,-48.52,0.06,-0.08,9.8,0.1,-0.18,-0.11
1782855293.0410311,1.51,1.12,-69.26,-0.19,0.26,9.77,0.07,0.38,0.15,-0.48,-0.33,-48.52,0.06,-0.08,9.79,0.09,-0.17,-0.13
1782855293.1152742,1.51,1.12,-69.26,-0.18,0.25,9.77,0.07,0.35,0.16,-0.48,-0.33,-48.53,0.06,-0.07,9.8,0.07,-0.16,-0.11
1782855293.1890082,1.51,1.12,-69.27,-0.19,0.26,9.78,0.08,0.37,0.13,-0.48,-0.33,-48.53,0.06,-0.07,9.79,0.11,-0.16,-0.13
1782855293.2632508,1.51,1.12,-69.27,-0.19,0.26,9.77,0.08,0.38,0.14,-0.48,-0.33,-48.53,0.05,-0.08,9.79,0.06,-0.21,-0.11
1782855293.3373237,1.51,1.12,-69.28,-0.19,0.25,9.77,0.1,0.38,0.12,-0.48,-0.33,-48.53,0.05,-0.07,9.8,0.11,-0.2,-0.14
1782855293.4109783,1.52,1.12,-69.28,-0.19,0.26,9.77,0.08,0.35,0.1,-0.48,-0.33,-48.53,0.06,-0.08,9.79,0.08,-0.16,-0.15
1782855293.4849539,1.52,1.12,-69.29,-0.2,0.26,9.76,0.07,0.38,0.13,-0.48,-0.33,-48.53,0.05,-0.08,9.79,0.08,-0.18,-0.14
1782855293.559018,1.51,1.12,-69.29,-0.19,0.26,9.77,0.05,0.35,0.15,-0.48,-0.33,-48.53,0.06,-0.08,9.81,0.07,-0.19,-0.13
1782855293.632954,1.51,1.12,-69.3,-0.19,0.26,9.76,0.06,0.36,0.12,-0.48,-0.33,-48.53,0.06,-0.07,9.8,0.09,-0.15,-0.13
1782855293.7069592,1.51,1.12,-69.3,-0.19,0.25,9.77,0.07,0.35,0.12,-0.48,-0.33,-48.53,0.05,-0.08,9.79,0.11,-0.19,-0.12
