label,time,pass,diagnosis,fw,did,prot,rate,pkts,cksum_err,acc,acc_std,gx,gy,gz,gstd,roll,pitch,tilt_err
1,2026-10-03 23:51:19,1,正常,FAFFFFFF,02886A7B,1,26.0,130,0,9.771,0.012,-0.01,-0.01,0.09,0.041,1.00,-0.49,0.09
2,2026-10-03 23:52:27,1,正常,FAFFFFFF,02883B2D,1,99.4,497,0,9.795,0.015,-0.15,0.36,0.44,0.030,0.98,1.23,0.17
3,2026-10-03 23:53:12,1,正常,FAFFFFFF,02886C58,1,99.4,497,0,9.768,0.019,-0.34,-0.52,-0.51,0.040,0.57,-0.15,0.37
4,2026-10-03 23:53:32,0,接近正確但有位元錯：接觸不良 (CS/SCLK/GND),FF800102,00000000,0,0,0,0,0,0,0,0,0,0,0,0,0
4,2026-10-03 23:53:35,0,MISO 讀到 MOSI：兩線短路或接反,01000102,00000000,0,0,0,0,0,0,0,0,0,0,0,0,0
4,2026-10-03 23:53:42,0,MISO 讀到 MOSI：兩線短路或接反,41000102,00000000,0,0,0,0,0,0,0,0,0,0,0,0,0
4,2026-10-03 23:54:21,0,MISO 讀到 MOSI：兩線短路或接反,01000102,00000000,0,0,0,0,0,0,0,0,0,0,0,0,0
5,2026-10-03 23:55:02,0,握手訊號錯誤：檢查接線,BFFF18A8,00000000,0,0,0,0,0,0,0,0,0,0,0,0,0
6,2026-10-03 23:55:27,1,正常,FAFFFFFF,02887C4F,1,99.4,497,0,9.858,0.010,-0.13,-0.56,0.19,0.034,-0.62,-1.92,0.79
