Frequency_Hz,Command_Amp_deg,Stall_Removed_pct,IncEncoder_Amp_deg,IMU_pitch_Amp_deg,Amplitude_Ratio,Amplitude_Ratio_dB,Phase_Diff_deg,Time_Delay_ms,Fit_R2_Encoder,Fit_R2_IMU,Outliers_Removed,Samples,IMU_Age_Corrected_ms
0.5000,19.9100,0.0000,20.0871,19.9402,0.9927,-0.0638,-0.9624,5.3467,0.9983,0.9962,0,999,6.5024
1.0000,19.8508,0.0000,20.0872,19.9915,0.9952,-0.0415,-1.1110,3.0860,0.9981,0.9959,0,498,6.9300
2.0000,19.9600,0.0000,20.6104,21.1080,1.0241,0.2072,-1.5328,2.1289,0.9983,0.9962,0,399,7.2198
3.0000,19.8472,0.0000,20.7278,22.2791,1.0748,0.6269,-2.3483,2.1743,0.9886,0.9872,0,399,7.4879
4.0000,15.8900,0.0000,15.7354,17.9144,1.1385,1.1265,-4.1703,2.8961,0.9680,0.9693,0,399,7.7554
5.0000,12.7300,0.0000,11.0247,13.2107,1.1983,1.5712,-6.7666,3.7592,0.9440,0.9542,0,398,8.0245
6.0000,10.5900,0.0000,7.8983,10.0614,1.2739,2.1025,-10.1653,4.7061,0.9062,0.9318,0,400,8.2920
8.0000,7.9400,0.0000,4.5119,6.3832,1.4148,3.0137,-19.7727,6.8655,0.7692,0.8477,0,399,8.5669
10.0000,6.0600,0.0000,2.5815,4.1092,1.5918,4.0376,-30.4548,8.4597,0.6128,0.7292,0,399,8.8368
