imu,t_us,pc,stf,new
0.0,189830884.0,0.0,4066616.0,1.0
0.0,189832183.0,1.0,4066716.0,1.0
0.0,189839079.0,4.0,4067016.0,1.0
0.0,189849297.0,5.0,4067116.0,1.0
0.0,189858388.0,6.0,4067216.0,1.0
0.0,189868465.0,7.0,4067316.0,1.0
0.0,189878685.0,8.0,4067416.0,1.0
0.0,189888763.0,9.0,4067516.0,1.0
0.0,189898838.0,10.0,4067616.0,1.0
0.0,189909063.0,11.0,4067716.0,1.0
0.0,189919137.0,12.0,4067816.0,1.0
0.0,189929218.0,13.0,4067916.0,1.0
0.0,189938323.0,14.0,4068016.0,1.0
0.0,189948556.0,15.0,4068116.0,1.0
0.0,189958637.0,16.0,4068216.0,1.0
0.0,189968715.0,17.0,4068316.0,1.0
0.0,189978812.0,18.0,4068416.0,1.0
0.0,189989031.0,19.0,4068516.0,1.0
0.0,189999121.0,20.0,4068616.0,1.0
0.0,190009216.0,21.0,4068716.0,1.0
0.0,190018321.0,22.0,4068816.0,1.0
0.0,190028542.0,23.0,4068916.0,1.0
0.0,190038622.0,24.0,4069016.0,1.0
0.0,190048715.0,25.0,4069116.0,1.0
0.0,190058812.0,26.0,4069216.0,1.0
0.0,190069047.0,27.0,4069316.0,1.0
0.0,190079121.0,28.0,4069416.0,1.0
0.0,190089204.0,29.0,4069516.0,1.0
0.0,190099297.0,30.0,4069616.0,1.0
0.0,190108542.0,31.0,4069716.0,1.0
0.0,190118637.0,32.0,4069816.0,1.0
0.0,190128731.0,33.0,4069916.0,1.0
0.0,190138826.0,34.0,4070016.0,1.0
0.0,190148922.0,35.0,4070116.0,1.0
0.0,190159156.0,36.0,4070216.0,1.0
0.0,190169248.0,37.0,4070316.0,1.0
0.0,190179342.0,38.0,4070416.0,1.0
0.0,190188449.0,39.0,4070516.0,1.0
0.0,190198542.0,40.0,4070616.0,1.0
0.0,190208778.0,41.0,4070716.0,1.0
0.0,190218874.0,42.0,4070816.0,1.0
0.0,190228967.0,43.0,4070916.0,1.0
0.0,190239060.0,44.0,4071016.0,1.0
0.0,190249295.0,45.0,4071116.0,1.0
0.0,190259388.0,46.0,4071216.0,1.0
0.0,190268481.0,47.0,4071316.0,1.0
0.0,190278574.0,48.0,4071416.0,1.0
0.0,190288668.0,49.0,4071516.0,1.0
0.0,190298906.0,50.0,4071616.0,1.0
0.0,190308980.0,51.0,4071716.0,1.0
0.0,190319063.0,52.0,4071816.0,1.0
0.0,190329156.0,53.0,4071916.0,1.0
0.0,190339389.0,54.0,4072016.0,1.0
0.0,190348496.0,55.0,4072116.0,1.0
0.0,190358590.0,56.0,4072216.0,1.0
0.0,190368684.0,57.0,4072316.0,1.0
0.0,190378779.0,58.0,4072416.0,1.0
0.0,190389015.0,59.0,4072516.0,1.0
0.0,190399107.0,60.0,4072616.0,1.0
0.0,190409201.0,61.0,4072716.0,1.0
0.0,190419295.0,62.0,4072816.0,1.0
0.0,190428401.0,63.0,4072916.0,1.0
0.0,190438635.0,64.0,4073016.0,1.0
0.0,190448730.0,65.0,4073116.0,1.0
0.0,190458824.0,66.0,4073216.0,1.0
0.0,190468920.0,67.0,4073316.0,1.0
0.0,190479015.0,68.0,4073416.0,1.0
0.0,190489248.0,69.0,4073516.0,1.0
0.0,190499327.0,70.0,4073616.0,1.0
0.0,190508415.0,71.0,4073716.0,1.0
0.0,190518510.0,72.0,4073816.0,1.0
0.0,190528746.0,73.0,4073916.0,1.0
0.0,190538838.0,74.0,4074016.0,1.0
0.0,190548922.0,75.0,4074116.0,1.0
0.0,190559015.0,76.0,4074216.0,1.0
0.0,190569248.0,77.0,4074316.0,1.0
0.0,190579343.0,78.0,4074416.0,1.0
0.0,190588449.0,79.0,4074516.0,1.0
0.0,190598542.0,80.0,4074616.0,1.0
0.0,190608637.0,81.0,4074716.0,1.0
0.0,190618874.0,82.0,4074816.0,1.0
0.0,190628967.0,83.0,4074916.0,1.0
0.0,190639061.0,84.0,4075016.0,1.0
0.0,190649156.0,85.0,4075116.0,1.0
0.0,190659248.0,86.0,4075216.0,1.0
0.0,190668354.0,87.0,4075316.0,1.0
0.0,190678574.0,88.0,4075416.0,1.0
0.0,190688667.0,89.0,4075516.0,1.0
0.0,190698761.0,90.0,4075616.0,1.0
0.0,190708999.0,91.0,4075716.0,1.0
0.0,190719091.0,92.0,4075816.0,1.0
0.0,190729184.0,93.0,4075916.0,1.0
0.0,190739277.0,94.0,4076016.0,1.0
0.0,190748372.0,95.0,4076116.0,1.0
0.0,190758590.0,96.0,4076216.0,1.0
0.0,190768684.0,97.0,4076316.0,1.0
0.0,190778778.0,98.0,4076416.0,1.0
0.0,190788874.0,99.0,4076516.0,1.0
0.0,190799109.0,100.0,4076616.0,1.0
0.0,190809200.0,101.0,4076716.0,1.0
0.0,190819294.0,102.0,4076816.0,1.0
0.0,190828389.0,103.0,4076916.0,1.0
0.0,190838481.0,104.0,4077016.0,1.0
0.0,190848715.0,105.0,4077116.0,1.0
0.0,190858812.0,106.0,4077216.0,1.0
0.0,190868906.0,107.0,4077316.0,1.0
0.0,190878999.0,108.0,4077416.0,1.0
0.0,190889232.0,109.0,4077516.0,1.0
0.0,190899313.0,110.0,4077616.0,1.0
0.0,190908414.0,111.0,4077716.0,1.0
0.0,190918497.0,112.0,4077816.0,1.0
0.0,190928590.0,113.0,4077916.0,1.0
0.0,190938811.0,114.0,4078016.0,1.0
0.0,190948906.0,115.0,4078116.0,1.0
0.0,190958999.0,116.0,4078216.0,1.0
0.0,190969091.0,117.0,4078316.0,1.0
0.0,190979313.0,118.0,4078416.0,1.0
0.0,190988415.0,119.0,4078516.0,1.0
0.0,190998497.0,120.0,4078616.0,1.0
0.0,191008589.0,121.0,4078716.0,1.0
0.0,191018824.0,122.0,4078816.0,1.0
0.0,191028920.0,123.0,4078916.0,1.0
0.0,191038999.0,124.0,4079016.0,1.0
0.0,191049092.0,125.0,4079116.0,1.0
0.0,191059326.0,126.0,4079216.0,1.0
0.0,191068433.0,127.0,4079316.0,1.0
0.0,191078512.0,128.0,4079416.0,1.0
0.0,191088606.0,129.0,4079516.0,1.0
0.0,191098838.0,130.0,4079616.0,1.0
0.0,191108922.0,131.0,4079716.0,1.0
0.0,191119013.0,132.0,4079816.0,1.0
0.0,191129106.0,133.0,4079916.0,1.0
0.0,191139200.0,134.0,4080016.0,1.0
0.0,191148306.0,135.0,4080116.0,1.0
0.0,191158530.0,136.0,4080216.0,1.0
0.0,191168622.0,137.0,4080316.0,1.0
0.0,191178715.0,138.0,4080416.0,1.0
0.0,191188955.0,139.0,4080516.0,1.0
0.0,191199047.0,140.0,4080616.0,1.0
0.0,191209136.0,141.0,4080716.0,1.0
0.0,191219218.0,142.0,4080816.0,1.0
0.0,191228324.0,143.0,4080916.0,1.0
0.0,191238556.0,144.0,4081016.0,1.0
0.0,191248651.0,145.0,4081116.0,1.0
0.0,191258746.0,146.0,4081216.0,1.0
0.0,191268838.0,147.0,4081316.0,1.0
0.0,191279063.0,148.0,4081416.0,1.0
0.0,191289153.0,149.0,4081516.0,1.0
0.0,191299237.0,150.0,4081616.0,1.0
0.0,191308340.0,151.0,4081716.0,1.0
0.0,191318431.0,152.0,4081816.0,1.0
0.0,191328654.0,153.0,4081916.0,1.0
0.0,191338747.0,154.0,4082016.0,1.0
0.0,191348838.0,155.0,4082116.0,1.0
0.0,191359063.0,156.0,4082216.0,1.0
0.0,191369156.0,157.0,4082316.0,1.0
0.0,191379248.0,158.0,4082416.0,1.0
0.0,191388353.0,159.0,4082516.0,1.0
0.0,191398447.0,160.0,4082616.0,1.0
0.0,191408670.0,161.0,4082716.0,1.0
0.0,191418763.0,162.0,4082816.0,1.0
0.0,191428858.0,163.0,4082916.0,1.0
0.0,191438955.0,164.0,4083016.0,1.0
0.0,191449047.0,165.0,4083116.0,1.0
0.0,191459281.0,166.0,4083216.0,1.0
0.0,191468371.0,167.0,4083316.0,1.0
0.0,191478465.0,168.0,4083416.0,1.0
0.0,191488556.0,169.0,4083516.0,1.0
0.0,191498651.0,170.0,4083616.0,1.0
0.0,191508888.0,171.0,4083716.0,1.0
0.0,191518980.0,172.0,4083816.0,1.0
0.0,191529063.0,173.0,4083916.0,1.0
0.0,191539294.0,174.0,4084016.0,1.0
0.0,191548401.0,175.0,4084116.0,1.0
0.0,191558496.0,176.0,4084216.0,1.0
0.0,191568590.0,177.0,4084316.0,1.0
0.0,191578670.0,178.0,4084416.0,1.0
0.0,191588906.0,179.0,4084516.0,1.0
0.0,191598999.0,180.0,4084616.0,1.0
0.0,191609091.0,181.0,4084716.0,1.0
0.0,191619172.0,182.0,4084816.0,1.0
0.0,191628273.0,183.0,4084916.0,1.0
0.0,191638497.0,184.0,4085016.0,1.0
0.0,191648589.0,185.0,4085116.0,1.0
0.0,191658683.0,186.0,4085216.0,1.0
0.0,191668777.0,187.0,4085316.0,1.0
0.0,191679015.0,188.0,4085416.0,1.0
0.0,191689095.0,189.0,4085516.0,1.0
0.0,191699184.0,190.0,4085616.0,1.0
0.0,191708289.0,191.0,4085716.0,1.0
0.0,191718513.0,192.0,4085816.0,1.0
0.0,191728606.0,193.0,4085916.0,1.0
0.0,191738697.0,194.0,4086016.0,1.0
0.0,191748793.0,195.0,4086116.0,1.0
0.0,191758890.0,196.0,4086216.0,1.0
0.0,191769121.0,197.0,4086316.0,1.0
0.0,191779204.0,198.0,4086416.0,1.0
0.0,191788308.0,199.0,4086516.0,1.0
0.0,191798388.0,200.0,4086616.0,1.0
0.0,191808619.0,201.0,4086716.0,1.0
0.0,191818714.0,202.0,4086816.0,1.0
0.0,191828794.0,203.0,4086916.0,1.0
0.0,252000884.0,6204.0,4687016.0,1.0
0.0,252002434.0,6205.0,4687116.0,1.0
0.0,252006098.0,6221.0,4688716.0,1.0
0.0,252016205.0,6222.0,4688816.0,1.0
0.0,252026440.0,6223.0,4688916.0,1.0
0.0,252036537.0,6224.0,4689016.0,1.0
0.0,252046630.0,6225.0,4689116.0,1.0
0.0,252055734.0,6226.0,4689216.0,1.0
0.0,252065840.0,6227.0,4689316.0,1.0
0.0,252075953.0,6228.0,4689416.0,1.0
0.0,252086191.0,6229.0,4689516.0,1.0
0.0,252096292.0,6230.0,4689616.0,1.0
0.0,252106380.0,6231.0,4689716.0,1.0
0.0,252116473.0,6232.0,4689816.0,1.0
0.0,252126580.0,6233.0,4689916.0,1.0
0.0,252135684.0,6234.0,4690016.0,1.0
0.0,252145925.0,6235.0,4690116.0,1.0
0.0,252156030.0,6236.0,4690216.0,1.0
0.0,252166130.0,6237.0,4690316.0,1.0
0.0,252176219.0,6238.0,4690416.0,1.0
0.0,252186316.0,6239.0,4690516.0,1.0
0.0,252196553.0,6240.0,4690616.0,1.0
0.0,252206646.0,6241.0,4690716.0,1.0
0.0,252215752.0,6242.0,4690816.0,1.0
0.0,252225869.0,6243.0,4690916.0,1.0
0.0,252235971.0,6244.0,4691016.0,1.0
0.0,252246066.0,6245.0,4691116.0,1.0
0.0,252256313.0,6246.0,4691216.0,1.0
0.0,252266396.0,6247.0,4691316.0,1.0
0.0,252276489.0,6248.0,4691416.0,1.0
0.0,252286595.0,6249.0,4691516.0,1.0
0.0,252295683.0,6250.0,4691616.0,1.0
0.0,252305925.0,6251.0,4691716.0,1.0
0.0,252316030.0,6252.0,4691816.0,1.0
0.0,252326130.0,6253.0,4691916.0,1.0
0.0,252336236.0,6254.0,4692016.0,1.0
0.0,252346332.0,6255.0,4692116.0,1.0
0.0,252356433.0,6256.0,4692216.0,1.0
0.0,252366676.0,6257.0,4692316.0,1.0
0.0,252375777.0,6258.0,4692416.0,1.0
0.0,252385889.0,6259.0,4692516.0,1.0
0.0,252395989.0,6260.0,4692616.0,1.0
0.0,252406079.0,6261.0,4692716.0,1.0
0.0,252416175.0,6262.0,4692816.0,1.0
0.0,252426412.0,6263.0,4692916.0,1.0
0.0,252436505.0,6264.0,4693016.0,1.0
0.0,252446598.0,6265.0,4693116.0,1.0
0.0,252455701.0,6266.0,4693216.0,1.0
0.0,252465802.0,6267.0,4693316.0,1.0
0.0,252475909.0,6268.0,4693416.0,1.0
0.0,252486151.0,6269.0,4693516.0,1.0
0.0,252496253.0,6270.0,4693616.0,1.0
0.0,252506348.0,6271.0,4693716.0,1.0
0.0,252516439.0,6272.0,4693816.0,1.0
0.0,252526537.0,6273.0,4693916.0,1.0
0.0,252535637.0,6274.0,4694016.0,1.0
0.0,252545876.0,6275.0,4694116.0,1.0
0.0,252555973.0,6276.0,4694216.0,1.0
0.0,252566064.0,6277.0,4694316.0,1.0
0.0,252576158.0,6278.0,4694416.0,1.0
0.0,252586396.0,6279.0,4694516.0,1.0
0.0,252596489.0,6280.0,4694616.0,1.0
0.0,252606581.0,6281.0,4694716.0,1.0
0.0,252615684.0,6282.0,4694816.0,1.0
0.0,252625787.0,6283.0,4694916.0,1.0
0.0,252635893.0,6284.0,4695016.0,1.0
0.0,252646114.0,6285.0,4695116.0,1.0
0.0,252656207.0,6286.0,4695216.0,1.0
0.0,252666299.0,6287.0,4695316.0,1.0
0.0,252676396.0,6288.0,4695416.0,1.0
0.0,252686630.0,6289.0,4695516.0,1.0
0.0,252695734.0,6290.0,4695616.0,1.0
0.0,252705840.0,6291.0,4695716.0,1.0
0.0,252715954.0,6292.0,4695816.0,1.0
0.0,252726050.0,6293.0,4695916.0,1.0
0.0,252736156.0,6294.0,4696016.0,1.0
0.0,252746255.0,6295.0,4696116.0,1.0
0.0,252756485.0,6296.0,4696216.0,1.0
0.0,252766580.0,6297.0,4696316.0,1.0
0.0,252775685.0,6298.0,4696416.0,1.0
0.0,252785789.0,6299.0,4696516.0,1.0
0.0,252795907.0,6300.0,4696616.0,1.0
0.0,252806010.0,6301.0,4696716.0,1.0
0.0,252816239.0,6302.0,4696816.0,1.0
0.0,252826329.0,6303.0,4696916.0,1.0
0.0,252836432.0,6304.0,4697016.0,1.0
0.0,252846535.0,6305.0,4697116.0,1.0
0.0,252855624.0,6306.0,4697216.0,1.0
0.0,252865865.0,6307.0,4697316.0,1.0
0.0,252875957.0,6308.0,4697416.0,1.0
0.0,252886049.0,6309.0,4697516.0,1.0
0.0,252896130.0,6310.0,4697616.0,1.0
0.0,252906360.0,6311.0,4697716.0,1.0
0.0,252916440.0,6312.0,4697816.0,1.0
0.0,252926537.0,6313.0,4697916.0,1.0
0.0,252936630.0,6314.0,4698016.0,1.0
0.0,252945734.0,6315.0,4698116.0,1.0
0.0,252955989.0,6316.0,4698216.0,1.0
0.0,252966094.0,6317.0,4698316.0,1.0
0.0,252976175.0,6318.0,4698416.0,1.0
0.0,252986255.0,6319.0,4698516.0,1.0
0.0,252996485.0,6320.0,4698616.0,1.0
0.0,253006581.0,6321.0,4698716.0,1.0
0.0,253016678.0,6322.0,4698816.0,1.0
0.0,253025779.0,6323.0,4698916.0,1.0
0.0,253035893.0,6324.0,4699016.0,1.0
0.0,253045973.0,6325.0,4699116.0,1.0
0.0,253056205.0,6326.0,4699216.0,1.0
0.0,253066299.0,6327.0,4699316.0,1.0
0.0,253076396.0,6328.0,4699416.0,1.0
0.0,253086489.0,6329.0,4699516.0,1.0
0.0,253096581.0,6330.0,4699616.0,1.0
0.0,253105825.0,6331.0,4699716.0,1.0
0.0,253115937.0,6332.0,4699816.0,1.0
0.0,253126034.0,6333.0,4699916.0,1.0
0.0,253136130.0,6334.0,4700016.0,1.0
0.0,253146238.0,6335.0,4700116.0,1.0
0.0,253156344.0,6336.0,4700216.0,1.0
0.0,253166581.0,6337.0,4700316.0,1.0
0.0,253176678.0,6338.0,4700416.0,1.0
0.0,253185768.0,6339.0,4700516.0,1.0
0.0,253195889.0,6340.0,4700616.0,1.0
0.0,253205973.0,6341.0,4700716.0,1.0
0.0,253216207.0,6342.0,4700816.0,1.0
0.0,253226299.0,6343.0,4700916.0,1.0
0.0,253236396.0,6344.0,4701016.0,1.0
0.0,253246489.0,6345.0,4701116.0,1.0
0.0,253256595.0,6346.0,4701216.0,1.0
0.0,253265696.0,6347.0,4701316.0,1.0
0.0,253275941.0,6348.0,4701416.0,1.0
0.0,253286047.0,6349.0,4701516.0,1.0
0.0,253296150.0,6350.0,4701616.0,1.0
0.0,253306253.0,6351.0,4701716.0,1.0
0.0,253316348.0,6352.0,4701816.0,1.0
0.0,253326453.0,6353.0,4701916.0,1.0
0.0,253336553.0,6354.0,4702016.0,1.0
0.0,253345793.0,6355.0,4702116.0,1.0
0.0,253355907.0,6356.0,4702216.0,1.0
0.0,253366010.0,6357.0,4702316.0,1.0
0.0,253376112.0,6358.0,4702416.0,1.0
0.0,253386203.0,6359.0,4702516.0,1.0
0.0,253396440.0,6360.0,4702616.0,1.0
0.0,253406537.0,6361.0,4702716.0,1.0
0.0,253416630.0,6362.0,4702816.0,1.0
0.0,253425721.0,6363.0,4702916.0,1.0
0.0,253435810.0,6364.0,4703016.0,1.0
0.0,253446062.0,6365.0,4703116.0,1.0
0.0,253456158.0,6366.0,4703216.0,1.0
0.0,253466255.0,6367.0,4703316.0,1.0
0.0,253476348.0,6368.0,4703416.0,1.0
0.0,253486453.0,6369.0,4703516.0,1.0
0.0,253496553.0,6370.0,4703616.0,1.0
0.0,253505778.0,6371.0,4703716.0,1.0
0.0,253515889.0,6372.0,4703816.0,1.0
0.0,253525989.0,6373.0,4703916.0,1.0
0.0,253536078.0,6374.0,4704016.0,1.0
0.0,253546175.0,6375.0,4704116.0,1.0
0.0,253556412.0,6376.0,4704216.0,1.0
0.0,253566505.0,6377.0,4704316.0,1.0
0.0,253576612.0,6378.0,4704416.0,1.0
0.0,253585717.0,6379.0,4704516.0,1.0
0.0,253595823.0,6380.0,4704616.0,1.0
0.0,253605937.0,6381.0,4704716.0,1.0
0.0,253616175.0,6382.0,4704816.0,1.0
0.0,253626255.0,6383.0,4704916.0,1.0
0.0,253636348.0,6384.0,4705016.0,1.0
0.0,253646453.0,6385.0,4705116.0,1.0
0.0,253656553.0,6386.0,4705216.0,1.0
0.0,253665652.0,6387.0,4705316.0,1.0
0.0,253675909.0,6388.0,4705416.0,1.0
0.0,253686015.0,6389.0,4705516.0,1.0
0.0,253696114.0,6390.0,4705616.0,1.0
0.0,253706207.0,6391.0,4705716.0,1.0
0.0,253716299.0,6392.0,4705816.0,1.0
0.0,253726537.0,6393.0,4705916.0,1.0
0.0,253736630.0,6394.0,4706016.0,1.0
0.0,253745734.0,6395.0,4706116.0,1.0
0.0,253755839.0,6396.0,4706216.0,1.0
0.0,253765937.0,6397.0,4706316.0,1.0
0.0,253776033.0,6398.0,4706416.0,1.0
0.0,253786271.0,6399.0,4706516.0,1.0
0.0,253796364.0,6400.0,4706616.0,1.0
0.0,253806457.0,6401.0,4706716.0,1.0
0.0,253816553.0,6402.0,4706816.0,1.0
0.0,253825652.0,6403.0,4706916.0,1.0
0.0,253835909.0,6404.0,4707016.0,1.0
0.0,253846015.0,6405.0,4707116.0,1.0
0.0,253856114.0,6406.0,4707216.0,1.0
0.0,253866205.0,6407.0,4707316.0,1.0
0.0,253876299.0,6408.0,4707416.0,1.0
0.0,253886396.0,6409.0,4707516.0,1.0
0.0,253896630.0,6410.0,4707616.0,1.0
0.0,253905734.0,6411.0,4707716.0,1.0
0.0,253915825.0,6412.0,4707816.0,1.0
0.0,253925925.0,6413.0,4707916.0,1.0
0.0,253936030.0,6414.0,4708016.0,1.0
0.0,253946271.0,6415.0,4708116.0,1.0
0.0,253956364.0,6416.0,4708216.0,1.0
0.0,253966470.0,6417.0,4708316.0,1.0
0.0,253976553.0,6418.0,4708416.0,1.0
0.0,253985652.0,6419.0,4708516.0,1.0
0.0,253995755.0,6420.0,4708616.0,1.0
