Timestamp,Relative_Time,Raw_Value,Angle,Velocity
1782874321.8578634,0.0001,10,115.14,0.00
1782874321.8579304,0.0002,1311,115.22,1194.11
1782874321.85799,0.0002,1311,115.22,0.00
1782874321.8580453,0.0003,1311,115.22,439.77
1782874321.858103,0.0004,1310,115.14,-463.46
1782874321.8581572,0.0004,1311,115.22,0.00
1782874321.8582106,0.0005,1311,115.22,0.00
1782874321.858264,0.0005,1310,115.14,0.00
1782874321.8583179,0.0006,1310,115.14,-497.84
1782874321.858371,0.0006,1311,115.22,0.00
1782874321.858435,0.0007,1311,115.22,467.98
1782874321.8584876,0.0007,1310,115.14,0.00
1782874321.8585544,0.0008,1311,115.22,0.00
1782874321.8586037,0.0009,1311,115.22,0.00
1782874321.8586462,0.0009,1310,115.14,0.00
1782874321.858689,0.0009,1331,116.98,13065.44
1782874321.858732,0.0010,1332,117.07,14422.79
1782874321.8587751,0.0010,1334,117.25,16358.56
1782874321.8588176,0.0011,1333,117.16,1400.70
1782874321.858862,0.0011,1318,115.84,-9466.04
1782874321.8589194,0.0012,1299,114.17,-21352.82
1782874321.8589618,0.0012,1305,114.70,-17054.53
1782874321.8590043,0.0013,1346,118.30,17283.06
1782874321.8590467,0.0013,1359,119.44,41393.22
1782874321.859089,0.0013,1360,119.53,38008.42
1782874321.859133,0.0014,1360,119.53,9553.69
1782874321.8591752,0.0014,1361,119.62,1400.70
1782874321.8592174,0.0015,1351,118.74,-6147.50
1782874321.8592594,0.0015,1412,124.10,36165.98
1782874321.8593013,0.0016,1412,124.10,35520.76
1782874321.8593526,0.0016,1424,125.16,47491.06
1782874321.8593948,0.0016,1424,125.16,7827.40
1782874321.859437,0.0017,1423,125.07,7150.22
1782874321.85948,0.0017,1424,125.16,0.00
1782874321.859522,0.0018,1423,125.07,-706.91
1782874321.8595684,0.0018,1424,125.16,685.10
1782874321.8596108,0.0019,1423,125.07,-687.59
1782874321.8596532,0.0019,1422,124.98,-686.34
1782874321.8596954,0.0019,1423,125.07,-708.23
1782874321.8597376,0.0020,1424,125.16,709.56
1782874321.859789,0.0020,1424,125.16,1326.84
1782874321.8598351,0.0021,1424,125.16,644.18
1782874321.8598769,0.0021,1424,125.16,0.00
1782874321.8599188,0.0022,1423,125.07,-692.64
1782874321.8599606,0.0022,1424,125.16,0.00
1782874321.8600023,0.0023,1423,125.07,-717.66
1782874321.8600442,0.0023,1428,125.51,3508.54
1782874321.8600862,0.0023,1428,125.51,2785.59
1782874321.860128,0.0024,1427,125.42,2785.59
1782874321.86017,0.0024,1428,125.51,0.00
1782874321.8602197,0.0025,1428,125.51,0.00
1782874321.8602617,0.0025,1429,125.60,1345.77
1782874321.8603034,0.0026,1429,125.60,674.08
1782874321.8603456,0.0026,1429,125.60,714.94
1782874321.8603873,0.0026,1429,125.60,0.00
1782874321.860429,0.0027,1430,125.68,636.71
1782874321.8604708,0.0027,1429,125.60,0.00
1782874321.8605125,0.0028,1430,125.68,639.13
1782874321.8605595,0.0028,1428,125.51,-1303.53
1782874321.8606014,0.0029,1429,125.60,0.00
1782874321.8606513,0.0029,1429,125.60,-576.54
1782874321.860693,0.0029,1429,125.60,674.08
1782874321.860735,0.0030,1428,125.51,-674.08
1782874321.8607767,0.0030,1428,125.51,-717.66
1782874321.8608184,0.0031,1428,125.51,-717.66
1782874321.8608608,0.0031,1428,125.51,0.00
1782874321.860903,0.0032,1429,125.60,712.24
1782874321.8609447,0.0032,1429,125.60,712.24
1782874321.8609865,0.0032,1429,125.60,716.29
1782874321.86103,0.0033,1428,125.51,-708.23
1782874321.8610785,0.0033,1428,125.51,-672.88
1782874321.8611202,0.0034,1428,125.51,-672.88
1782874321.8611627,0.0034,1428,125.51,0.00
1782874321.8612044,0.0035,1429,125.60,714.94
1782874321.8612463,0.0035,1430,125.68,1347.89
1782874321.8612885,0.0035,1430,125.68,1350.44
1782874321.8613305,0.0036,1429,125.60,0.00
1782874321.8613732,0.0036,1430,125.68,0.00
1782874321.8614151,0.0037,1429,125.60,-631.91
1782874321.8614569,0.0037,1430,125.68,633.10
1782874321.8615048,0.0038,1429,125.60,-607.87
1782874321.8615537,0.0038,1429,125.60,0.00
1782874321.8615952,0.0038,1429,125.60,-578.52
1782874321.861637,0.0039,1429,125.60,0.00
1782874321.8616788,0.0039,1429,125.60,0.00
1782874321.8617208,0.0040,1430,125.68,636.71
1782874321.8617628,0.0040,1429,125.60,0.00
1782874321.8618042,0.0041,1430,125.68,637.92
1782874321.861846,0.0041,1429,125.60,-639.13
1782874321.8618877,0.0041,1430,125.68,640.35
1782874321.8619401,0.0042,1428,125.51,-1250.93
1782874321.861982,0.0042,1430,125.68,587.64
1782874321.8620243,0.0043,1430,125.68,0.00
1782874321.8620667,0.0043,1429,125.60,710.90
1782874321.8621085,0.0044,1429,125.60,-633.10
1782874321.86215,0.0044,1429,125.60,-636.71
1782874321.862192,0.0044,1429,125.60,0.00
1782874321.8622336,0.0045,1430,125.68,639.13
1782874321.8622754,0.0045,1430,125.68,637.92
1782874321.862317,0.0046,1429,125.60,0.00
1782874321.8623667,0.0046,1430,125.68,0.00
1782874321.8624103,0.0047,1434,126.04,2667.76
1782874321.8624523,0.0047,1433,125.95,2589.08
1782874321.862494,0.0047,1433,125.95,2120.72
1782874321.8625364,0.0048,1434,126.04,0.00
1782874321.8625836,0.0048,1433,125.95,0.00
1782874321.8626254,0.0049,1434,126.04,685.10
1782874321.862667,0.0049,1433,125.95,-688.85
1782874321.8627088,0.0050,1434,126.04,719.02
1782874321.8627512,0.0050,1433,125.95,-714.94
1782874321.8628004,0.0051,1434,126.04,675.29
1782874321.862842,0.0051,1435,126.12,600.26
1782874321.8628838,0.0051,1435,126.12,1282.43
1782874321.8629255,0.0052,1434,126.04,0.00
1782874321.862967,0.0052,1434,126.04,-640.35
1782874321.8630087,0.0053,1435,126.12,0.00
1782874321.8630505,0.0053,1435,126.12,640.35
1782874321.8630867,0.0053,574,50.45,-631568.60
1782874321.863123,0.0054,574,50.45,-662594.96
1782874321.863159,0.0054,574,50.45,-697545.02
1782874321.8632028,0.0055,575,50.54,775.13
1782874321.8632395,0.0055,574,50.45,0.00
1782874321.863276,0.0055,574,50.45,0.00
1782874321.8633127,0.0056,574,50.45,-818.84
1782874321.8633487,0.0056,589,51.77,12088.39
1782874321.8633852,0.0056,591,51.94,13645.22
1782874321.8634214,0.0057,598,52.56,19407.85
1782874321.8634574,0.0057,600,52.73,8830.11
1782874321.8634937,0.0057,599,52.65,6544.96
1782874321.863531,0.0058,599,52.65,820.62
1782874321.863577,0.0058,600,52.73,0.00
1782874321.863613,0.0059,610,53.61,8053.06
1782874321.8636491,0.0059,608,53.44,6693.94
1782874321.8636873,0.0059,608,53.44,6431.87
1782874321.8637235,0.0060,608,53.44,-1536.71
1782874321.8637595,0.0060,608,53.44,0.00
1782874321.863796,0.0060,608,53.44,0.00
1782874321.863832,0.0061,608,53.44,0.00
1782874321.863868,0.0061,608,53.44,0.00
1782874321.8639042,0.0062,609,53.53,831.47
1782874321.8639452,0.0062,609,53.53,794.71
1782874321.8639848,0.0062,609,53.53,770.38
1782874321.864021,0.0063,609,53.53,0.00
1782874321.8640568,0.0063,609,53.53,0.00
1782874321.864093,0.0063,609,53.53,0.00
1782874321.8641293,0.0064,610,53.61,739.08
1782874321.8641653,0.0064,609,53.53,0.00
1782874321.8642013,0.0065,605,53.17,-3325.88
1782874321.8642373,0.0065,587,51.59,-18703.08
1782874321.8642743,0.0065,552,48.52,-45981.32
1782874321.864317,0.0066,540,47.46,-49380.36
1782874321.8643532,0.0066,527,46.32,-45481.44
1782874321.8643894,0.0066,523,45.97,-22143.84
1782874321.8644254,0.0067,521,45.79,-15394.48
1782874321.864462,0.0067,522,45.88,-4047.14
1782874321.864498,0.0067,521,45.79,-1659.29
1782874321.8645358,0.0068,521,45.79,0.00
1782874321.8645797,0.0068,520,45.70,-1528.29
1782874321.864616,0.0069,519,45.62,-1440.47
1782874321.8646524,0.0069,518,45.53,-2230.10
1782874321.864697,0.0069,524,46.05,2983.75
1782874321.8647337,0.0070,555,48.78,26829.96
1782874321.86477,0.0070,554,48.69,26884.38
1782874321.8648067,0.0071,554,48.69,24071.66
1782874321.864843,0.0071,554,48.69,-824.21
1782874321.8648794,0.0071,553,48.60,-822.41
1782874321.8649156,0.0072,554,48.69,0.00
1782874321.864952,0.0072,554,48.69,0.00
1782874321.8649883,0.0072,554,48.69,826.01
1782874321.865025,0.0073,554,48.69,0.00
1782874321.8650675,0.0073,554,48.69,0.00
1782874321.865104,0.0074,554,48.69,0.00
1782874321.8651402,0.0074,555,48.78,781.55
1782874321.8651774,0.0074,554,48.69,0.00
1782874321.8652136,0.0075,552,48.52,-1550.07
1782874321.8652503,0.0075,551,48.43,-3177.50
1782874321.8652866,0.0075,557,48.96,2472.62
1782874321.8653228,0.0076,561,49.31,7234.72
1782874321.8653593,0.0076,561,49.31,8076.56
1782874321.8653958,0.0076,561,49.31,3205.25
1782874321.865438,0.0077,558,49.04,-2344.64
1782874321.8654745,0.0077,557,48.96,-3039.35
1782874321.865511,0.0078,557,48.96,-3039.35
1782874321.8655596,0.0078,557,48.96,-657.93
1782874321.8655958,0.0078,557,48.96,0.00
1782874321.8656323,0.0079,557,48.96,0.00
1782874321.8656685,0.0079,558,49.04,734.23
1782874321.8657048,0.0080,557,48.96,0.00
1782874321.865741,0.0080,557,48.96,0.00
1782874321.8657777,0.0080,557,48.96,-732.63
1782874321.865826,0.0081,557,48.96,0.00
1782874321.865863,0.0081,558,49.04,655.36
1782874321.8658998,0.0082,558,49.04,655.36
1782874321.865936,0.0082,557,48.96,0.00
1782874321.8659725,0.0082,557,48.96,-731.03
1782874321.866009,0.0083,557,48.96,-732.63
1782874321.8660455,0.0083,557,48.96,0.00
1782874321.8660817,0.0083,557,48.96,0.00
1782874321.8661182,0.0084,557,48.96,0.00
1782874321.8661547,0.0084,559,49.13,1556.84
1782874321.8661985,0.0085,559,49.13,1455.17
1782874321.866236,0.0085,559,49.13,1443.38
1782874321.8662722,0.0085,553,48.60,-4509.09
1782874321.866309,0.0086,549,48.25,-7971.90
1782874321.866345,0.0086,549,48.25,-8076.56
1782874321.8663814,0.0086,543,47.72,-8058.92
1782874321.8664176,0.0087,543,47.72,-4874.96
1782874321.8664541,0.0087,545,47.90,-3205.25
1782874321.8664904,0.0087,545,47.90,1652.02
1782874321.8665276,0.0088,544,47.81,818.84
1782874321.866576,0.0088,549,48.25,2872.81
1782874321.8666124,0.0089,548,48.16,2129.92
1782874321.866649,0.0089,549,48.25,3625.72
1782874321.8666852,0.0089,559,49.13,8058.92
1782874321.8667216,0.0090,560,49.22,9707.34
1782874321.8667574,0.0090,559,49.13,8112.06
1782874321.8667936,0.0090,587,51.59,22676.90
1782874321.86683,0.0091,592,52.03,25903.28
1782874321.866866,0.0091,592,52.03,26674.30
1782874321.8669026,0.0092,589,51.77,1652.02
1782874321.866945,0.0092,586,51.50,-4611.99
1782874321.8669813,0.0092,586,51.50,-4602.45
1782874321.8670177,0.0093,582,51.15,-5383.99
1782874321.867054,0.0093,581,51.06,-4038.28
1782874321.8670905,0.0093,587,51.59,824.21
1782874321.8671265,0.0094,586,51.50,3219.31
1782874321.8671627,0.0094,586,51.50,4047.14
1782874321.867199,0.0095,586,51.50,-829.64
1782874321.8672407,0.0095,587,51.59,788.07
1782874321.8672774,0.0095,586,51.50,0.00
1782874321.8673203,0.0096,586,51.50,0.00
1782874321.8673568,0.0096,584,51.33,-2239.26
1782874321.867393,0.0096,577,50.71,-6831.96
1782874321.8674302,0.0097,564,49.57,-17559.67
1782874321.867467,0.0097,557,48.96,-21516.23
1782874321.8675034,0.0098,556,48.87,-16668.51
1782874321.867543,0.0098,550,48.34,-10906.96
1782874321.8675797,0.0098,549,48.25,-6295.89
1782874321.867616,0.0099,549,48.25,-5509.47
1782874321.8676527,0.0099,549,48.25,-820.62
1782874321.8676958,0.0099,546,47.99,-2239.26
1782874321.8677325,0.0100,547,48.08,-1458.14
1782874321.867769,0.0100,547,48.08,-1461.13
1782874321.8678055,0.0101,547,48.08,820.62
1782874321.8678417,0.0101,545,47.90,-1648.42
1782874321.8678782,0.0101,546,47.99,-824.21
1782874321.8679144,0.0102,560,49.22,10462.82
1782874321.8679512,0.0102,560,49.22,12062.05
1782874321.8679879,0.0102,560,49.22,11215.20
1782874321.8680248,0.0103,560,49.22,0.00
1782874321.8680677,0.0103,561,49.31,771.96
1782874321.868105,0.0104,560,49.22,0.00
1782874321.868142,0.0104,560,49.22,0.00
1782874321.8681784,0.0104,560,49.22,-813.55
1782874321.8682153,0.0105,560,49.22,0.00
1782874321.8682518,0.0105,560,49.22,0.00
1782874321.8682888,0.0105,560,49.22,0.00
1782874321.868326,0.0106,560,49.22,0.00
1782874321.8683634,0.0106,560,49.22,0.00
1782874321.907258,0.0495,560,49.22,0.00
1782874321.9576247,0.0999,560,49.22,0.00
1782874322.007474,0.1497,560,49.22,0.00
1782874322.0571165,0.1994,560,49.22,0.00
1782874322.1076043,0.2499,560,49.22,0.00
1782874322.1576798,0.2999,561,49.31,0.60
1782874322.2078886,0.3501,560,49.22,0.00
1782874322.2576108,0.3999,560,49.22,0.00
1782874322.3076715,0.4499,560,49.22,-0.60
1782874322.357905,0.5002,560,49.22,0.00
1782874322.407777,0.5500,560,49.22,0.00
1782874322.4575908,0.5998,561,49.31,0.60
1782874322.507696,0.6499,560,49.22,0.00
1782874322.5570226,0.6993,560,49.22,0.00
1782874322.6072464,0.7495,560,49.22,-0.60
1782874322.6571536,0.7994,561,49.31,0.60
1782874322.707275,0.8495,561,49.31,0.60
1782874322.7571075,0.8994,561,49.31,0.60
1782874322.8071036,0.9494,562,49.39,0.53
1782874322.8574793,0.9997,561,49.31,0.00
1782874322.9070792,1.0493,561,49.31,0.00
1782874322.9574015,1.0997,562,49.39,0.00
1782874323.0071597,1.1494,561,49.31,0.00
1782874323.0570886,1.1993,562,49.39,0.53
1782874323.1073697,1.2496,561,49.31,-0.53
1782874323.1573424,1.2996,561,49.31,0.00
1782874323.2071247,1.3494,561,49.31,-0.53
1782874323.25784,1.4001,561,49.31,0.00
1782874323.30821,1.4505,559,49.13,-1.19
1782874323.3574085,1.4997,558,49.04,-1.80
1782874323.4076033,1.5499,558,49.04,-1.80
1782874323.4576616,1.5999,559,49.13,0.00
1782874323.5075755,1.6498,559,49.13,0.60
1782874323.5573282,1.6996,558,49.04,0.00
1782874323.6073546,1.7496,558,49.04,-0.60
1782874323.657402,1.7997,558,49.04,-0.60
1782874323.7070541,1.8493,563,49.48,2.94
1782874323.7576725,1.8999,562,49.39,2.33
1782874323.8074212,1.9497,562,49.39,2.33
1782874323.8573625,1.9996,562,49.39,-0.60
1782874323.9070268,2.0493,563,49.48,0.60
1782874323.957868,2.1001,563,49.48,0.60
1782874324.0076542,2.1499,562,49.39,0.00
1782874324.0571725,2.1994,562,49.39,-0.60
1782874324.1074219,2.2497,562,49.39,-0.60
1782874324.157367,2.2996,562,49.39,0.00
1782874324.2073977,2.3496,562,49.39,0.00
1782874324.2574239,2.3997,563,49.48,0.60
1782874324.3073335,2.4496,562,49.39,0.00
1782874324.3573391,2.4996,590,51.86,16.47
1782874324.4074771,2.5497,656,57.66,54.51
1782874324.4573271,2.5996,745,65.48,107.27
1782874324.5073578,2.6496,848,74.53,151.11
1782874324.557111,2.6994,924,81.21,157.38
1782874324.6071775,2.7494,1038,91.23,171.84
1782874324.6596644,2.8019,1149,100.99,173.73
1782874324.7105885,2.8528,1260,110.74,192.41
1782874324.7609515,2.9032,1321,116.10,161.73
1782874324.812356,2.9546,1357,119.27,119.72
1782874324.863473,3.0057,1413,124.19,87.97
1782874324.9145217,3.0568,1455,127.88,76.71
1782874324.9649897,3.1072,1502,132.01,83.47
1782874325.0164526,3.1587,1534,134.82,69.49
1782874325.066924,3.2092,1570,137.99,66.34
1782874325.1179688,3.2602,1574,138.34,41.38
1782874325.1691906,3.3114,1575,138.43,23.64
1782874325.220405,3.3627,1590,139.75,11.47
1782874325.2710326,3.4133,1614,141.86,23.00
1782874325.3223839,3.4646,1614,141.86,22.39
1782874325.3731706,3.5154,1614,141.86,13.81
1782874325.4243038,3.5666,1614,141.86,0.00
1782874325.475008,3.6173,1614,141.86,0.00
1782874325.526256,3.6685,1614,141.86,0.00
1782874325.5772848,3.7195,1614,141.86,0.00
1782874325.6279685,3.7702,1614,141.86,0.00
1782874325.6794074,3.8217,1613,141.77,-0.59
1782874325.7304573,3.8727,1614,141.86,0.00
1782874325.7810426,3.9233,1613,141.77,-0.59
1782874325.8323119,3.9746,1578,138.69,-20.14
1782874325.8829954,4.0252,1505,132.28,-62.80
1782874325.9340088,4.0763,1298,114.08,-181.02
1782874325.9851718,4.1274,1141,100.28,-251.28
1782874326.03596,4.1782,1046,91.93,-263.79
1782874326.086257,4.2285,953,83.76,-199.15
1782874326.1361234,4.2784,883,77.61,-150.18
1782874326.1863008,4.3286,795,69.87,-146.73
1782874326.236099,4.3784,725,63.72,-133.74
1782874326.2864606,4.4287,658,57.83,-131.57
1782874326.336694,4.4789,595,52.29,-116.89
1782874326.3864634,4.5287,565,49.66,-93.51
1782874326.4366658,4.5789,545,47.90,-66.11
1782874326.4863887,4.6286,533,46.85,-36.34
1782874326.53685,4.6791,533,46.85,-18.69
1782874326.5863976,4.7286,532,46.76,-7.61
1782874326.636012,4.7783,532,46.76,-0.60
1782874326.6861024,4.8284,532,46.76,-0.60
1782874326.7366118,4.8789,533,46.85,0.60
1782874326.78641,4.9287,532,46.76,0.00
1782874326.83685,4.9791,532,46.76,0.00
1782874326.885991,5.0282,533,46.85,0.00
1782874326.9366672,5.0789,532,46.76,0.00
1782874326.9865887,5.1288,532,46.76,0.00
1782874327.0361261,5.1784,532,46.76,-0.60
1782874327.0867128,5.2290,533,46.85,0.60
1782874327.1361022,5.2784,532,46.76,0.00
1782874327.1861973,5.3284,532,46.76,0.00
1782874327.2360024,5.3783,531,46.67,-1.21
1782874327.286845,5.4291,552,48.52,11.68
1782874327.3363535,5.4786,599,52.65,39.23
1782874327.3875113,5.5298,648,56.95,67.85
1782874327.4360154,5.5783,687,60.38,79.51
1782874327.4868872,5.6291,784,68.91,108.02
1782874327.536659,5.6789,893,78.49,144.42
1782874327.5864727,5.7287,1053,92.55,213.81
1782874327.6379886,5.7802,1148,100.90,211.71
1782874327.688995,5.8312,1181,103.80,166.15
1782874327.7404745,5.8827,1225,107.67,98.18
1782874327.7910855,5.9333,1313,115.40,94.71
1782874327.8424318,5.9847,1369,120.32,107.67
1782874327.8929677,6.0352,1482,130.25,148.07
1782874327.944548,6.0868,1512,132.89,113.97
1782874327.9949868,6.1372,1542,135.53,99.70
1782874328.0463526,6.1886,1554,136.58,41.27
1782874328.097082,6.2393,1571,138.08,34.03
1782874328.1484196,6.2907,1578,138.69,20.60
1782874328.1993048,6.3416,1588,139.57,19.55
1782874328.2506511,6.3929,1591,139.83,11.40
1782874328.3010879,6.4433,1591,139.83,7.47
1782874328.3524325,6.4947,1591,139.83,1.70
1782874328.4033117,6.5456,1590,139.75,-0.52
1782874328.4547563,6.5970,1591,139.83,0.00
1782874328.5050328,6.6473,1591,139.83,0.00
1782874328.5560026,6.6983,1591,139.83,0.52
1782874328.6077044,6.7500,1590,139.75,-0.52
1782874328.65882,6.8011,1591,139.83,0.00
1782874328.709083,6.8513,1591,139.83,0.00
1782874328.7601178,6.9024,1591,139.83,0.52
1782874328.8116143,6.9539,1591,139.83,0.00
1782874328.8620214,7.0043,1591,139.83,0.00
1782874328.9130862,7.0553,1591,139.83,0.00
1782874328.963948,7.1062,1591,139.83,0.00
1782874329.0156791,7.1579,1589,139.66,-1.11
1782874329.0664482,7.2087,1591,139.83,0.00
1782874329.1170557,7.2593,1603,140.89,6.92
1782874329.1684403,7.3107,1604,140.98,8.64
1782874329.2190535,7.3613,1605,141.06,8.06
1782874329.2704587,7.4127,1605,141.06,1.11
1782874329.3210392,7.4633,1604,140.98,0.00
1782874329.3724263,7.5147,1605,141.06,0.00
1782874329.4235609,7.5658,1605,141.06,0.00
1782874329.474808,7.6171,1604,140.98,0.00
1782874329.5250857,7.6673,1605,141.06,0.00
1782874329.5764332,7.7187,1604,140.98,-0.52
1782874329.627001,7.7693,1605,141.06,0.53
1782874329.6780255,7.8203,1605,141.06,0.00
1782874329.7289972,7.8712,1564,137.46,-23.07
1782874329.78017,7.9224,1471,129.29,-76.84
1782874329.8316267,7.9739,1329,116.81,-157.88
1782874329.882219,8.0245,1148,100.90,-238.61
1782874329.933089,8.0753,1027,90.26,-255.23
1782874329.9830992,8.1254,916,80.51,-239.65
1782874330.0335488,8.1758,869,76.38,-162.03
1782874330.0836656,8.2259,785,68.99,-141.26
1782874330.133777,8.2760,705,61.96,-123.11
1782874330.1835184,8.3258,662,58.18,-121.36
1782874330.233036,8.3753,614,53.96,-100.62
1782874330.283137,8.4254,595,52.29,-64.74
1782874330.3335922,8.4758,568,49.92,-55.04
1782874330.383101,8.5254,544,47.81,-40.98
1782874330.4331238,8.5754,539,47.37,-32.80
1782874330.4835482,8.6258,534,46.93,-19.94
1782874330.5338655,8.6761,534,46.93,-5.84
1782874330.583116,8.7254,534,46.93,-2.93
1782874330.6330168,8.7753,534,46.93,0.00
1782874330.6831298,8.8254,535,47.02,0.60
1782874330.7333407,8.8756,535,47.02,0.60
1782874330.783698,8.9259,534,46.93,0.00
1782874330.8332965,8.9755,534,46.93,-0.60
1782874330.8832552,9.0255,535,47.02,0.00
1782874330.9333394,9.0756,534,46.93,0.00
1782874330.983642,9.1259,535,47.02,0.60
1782874331.0334024,9.1757,535,47.02,0.00
1782874331.0836692,9.2259,557,48.96,13.50
1782874331.1331933,9.2754,623,54.76,51.75
1782874331.1836789,9.3259,669,58.80,78.39
1782874331.2330859,9.3753,697,61.26,82.32
1782874331.2841299,9.4264,794,69.79,99.58
1782874331.333065,9.4753,880,77.34,124.11
1782874331.3843555,9.5266,1009,88.68,181.27
1782874331.435008,9.5773,1057,92.90,153.17
1782874331.4860535,9.6283,1183,103.97,174.07
1782874331.536981,9.6792,1217,106.96,119.77
1782874331.5885947,9.7308,1312,115.31,145.91
1782874331.6389546,9.7812,1353,118.92,97.78
1782874331.6900206,9.8323,1414,124.28,113.17
1782874331.741467,9.8837,1422,124.98,63.26
1782874331.7920437,9.9343,1480,130.08,72.90
1782874331.8433938,9.9856,1493,131.22,45.25
1782874331.89405,10.0363,1507,132.45,48.96
1782874331.945648,10.0879,1534,134.82,30.86
1782874331.9967418,10.1390,1556,136.76,36.13
1782874332.047398,10.1896,1570,137.99,36.13
1782874332.098111,10.2404,1581,138.96,27.15
1782874332.149289,10.2915,1582,139.04,14.95
1782874332.200043,10.3423,1601,140.71,17.82
1782874332.251343,10.3936,1601,140.71,11.42
1782874332.3023763,10.4446,1601,140.71,10.91
1782874332.3533566,10.4956,1600,140.62,-0.59
1782874332.4043806,10.5466,1601,140.71,0.00
1782874332.4553518,10.5976,1601,140.71,0.00
1782874332.5064237,10.6487,1601,140.71,0.59
1782874332.5569932,10.6992,1600,140.62,-0.59
1782874332.6084132,10.7507,1600,140.62,-0.59
1782874332.6598961,10.8021,1601,140.71,0.00
1782874332.7104301,10.8527,1600,140.62,0.00
1782874332.7613754,10.9036,1600,140.62,0.00
1782874332.8126323,10.9549,1601,140.71,0.00
1782874332.8631034,11.0054,1602,140.80,1.18
1782874332.9144156,11.0567,1574,138.34,-14.90
1782874332.9653802,11.1076,1499,131.75,-58.66
1782874333.016419,11.1587,1400,123.05,-115.77
1782874333.0670176,11.2093,1318,115.84,-147.44
1782874333.118657,11.2609,1245,109.42,-145.68
1782874333.1693735,11.3116,1127,99.05,-156.91
1782874333.220422,11.3627,1028,90.35,-166.16
1782874333.2703567,11.4126,855,75.15,-225.91
1782874333.3204322,11.4627,805,70.75,-187.34
1782874333.370354,11.5126,763,67.06,-155.34
1782874333.42036,11.5626,709,62.31,-85.60
1782874333.470449,11.6127,661,58.10,-84.32
1782874333.5203445,11.6626,576,50.62,-109.61
1782874333.5704792,11.7127,550,48.34,-93.06
1782874333.6204362,11.7627,529,46.49,-77.41
1782874333.670347,11.8126,520,45.70,-32.80
1782874333.720697,11.8629,509,44.74,-23.97
1782874333.7705224,11.9128,510,44.82,-11.13
1782874333.820099,11.9624,509,44.74,-6.41
1782874333.8703585,12.0126,509,44.74,0.00
1782874333.9204605,12.0627,510,44.82,0.00
1782874333.9703617,12.1126,509,44.74,0.00
1782874334.020361,12.1626,509,44.74,0.00
1782874334.070897,12.2131,509,44.74,-0.53
1782874334.1203651,12.2626,509,44.74,0.00
1782874334.1703444,12.3126,509,44.74,0.00
1782874334.2204385,12.3627,509,44.74,0.00
1782874334.2700272,12.4123,509,44.74,0.00
1782874334.3203464,12.4626,509,44.74,0.00
1782874334.3704364,12.5127,509,44.74,0.00
1782874334.4203455,12.5626,509,44.74,0.00
1782874334.4704924,12.6127,509,44.74,0.00
1782874334.5204434,12.6627,509,44.74,0.00
1782874334.5703285,12.7126,559,49.13,29.27
1782874334.620346,12.7626,613,53.88,60.99
1782874334.6704485,12.8127,695,61.08,108.93
1782874334.720656,12.8629,796,69.96,138.56
1782874334.7703304,12.9126,967,84.99,207.42
1782874334.821402,12.9637,1086,95.45,227.69
1782874334.8722873,13.0145,1221,107.31,246.32
1782874334.9236026,13.0659,1279,112.41,178.90
1782874334.9741988,13.1165,1332,117.07,141.50
1782874335.025323,13.1676,1376,120.94,89.06
1782874335.0760567,13.2183,1415,124.37,78.45
1782874335.126925,13.2692,1429,125.60,55.85
1782874335.1779778,13.3202,1451,127.53,43.17
1782874335.2290106,13.3713,1489,130.87,42.50
1782874335.2802906,13.4225,1514,133.07,48.71
1782874335.3309867,13.4732,1561,137.20,63.20
1782874335.3820693,13.5243,1581,138.96,52.86
1782874335.4334347,13.5757,1589,139.66,43.03
1782874335.4840386,13.6263,1589,139.66,16.07
1782874335.5356069,13.6779,1596,140.27,8.53
1782874335.5860229,13.7283,1596,140.27,4.00
1782874335.637038,13.7793,1596,140.27,3.99
1782874335.6883266,13.8306,1611,141.59,8.64
1782874335.73952,13.8818,1611,141.59,8.60
1782874335.7903235,13.9326,1612,141.68,9.20
1782874335.8414638,13.9837,1612,141.68,0.59
1782874335.8924634,14.0347,1611,141.59,0.00
1782874335.9434268,14.0857,1611,141.59,-0.59
1782874335.994087,14.1363,1612,141.68,0.00
1782874336.045443,14.1877,1612,141.68,0.59
1782874336.0960321,14.2383,1612,141.68,0.59
1782874336.1473064,14.2896,1613,141.77,0.59
1782874336.198568,14.3408,1612,141.68,0.00
1782874336.2494314,14.3917,1612,141.68,0.00
1782874336.3005815,14.4428,1612,141.68,-0.59
1782874336.3515184,14.4938,1613,141.77,0.59
1782874336.402394,14.5446,1613,141.77,0.59
1782874336.4537694,14.5960,1613,141.77,0.59
1782874336.504346,14.6466,1614,141.86,0.59
1782874336.555486,14.6977,1590,139.75,-13.19
1782874336.6063585,14.7486,1520,133.59,-53.61
1782874336.6569731,14.7992,1424,125.16,-109.42
1782874336.7083323,14.8506,1320,116.02,-155.25
1782874336.7595515,14.9018,1220,107.23,-172.07
1782874336.8100612,14.9523,1125,98.88,-171.67
1782874336.8614037,15.0037,1030,90.53,-166.52
1782874336.9124162,15.0547,957,84.11,-151.24
1782874336.9620955,15.1043,917,80.60,-120.24
1782874337.0123732,15.1546,833,73.21,-114.73
1782874337.062092,15.2043,735,64.60,-130.35
1782874337.1124358,15.2547,614,53.96,-177.20
1782874337.1625547,15.3048,592,52.03,-141.03
1782874337.2126226,15.3549,574,50.45,-94.00
1782874337.2624424,15.4047,574,50.45,-23.40
1782874337.3121002,15.4544,574,50.45,-10.57
1782874337.3625202,15.5048,574,50.45,0.00
1782874337.4124434,15.5547,567,49.83,-4.13
1782874337.4622884,15.6045,568,49.92,-3.53
1782874337.512336,15.6546,568,49.92,-3.54
1782874337.5624957,15.7047,567,49.83,0.00
1782874337.612569,15.7548,568,49.92,0.00
1782874337.6622875,15.8045,568,49.92,0.00
1782874337.712318,15.8546,567,49.83,0.00
1782874337.7625768,15.9048,568,49.92,0.00
1782874337.8123436,15.9546,567,49.83,-0.60
1782874337.8624532,16.0047,564,49.57,-1.73
1782874337.9127192,16.0550,565,49.66,-1.73
1782874337.9627764,16.1050,565,49.66,-1.13
1782874338.0124793,16.1547,565,49.66,0.60
1782874338.0628223,16.2051,564,49.57,-0.60
1782874338.1122806,16.2545,565,49.66,0.00
1782874338.162293,16.3045,565,49.66,0.00
1782874338.2120903,16.3543,564,49.57,0.00
1782874338.262329,16.4046,565,49.66,0.00
1782874338.312514,16.4548,565,49.66,0.00
1782874338.362193,16.5044,565,49.66,0.60
1782874338.412329,16.5546,565,49.66,0.00
1782874338.4622958,16.6045,565,49.66,0.00
1782874338.5128255,16.6551,564,49.57,-0.60
1782874338.5623417,16.7046,565,49.66,0.00
1782874338.6121058,16.7544,565,49.66,0.00
1782874338.662288,16.8045,565,49.66,0.60
1782874338.712351,16.8546,565,49.66,0.00
1782874338.7624636,16.9047,565,49.66,0.00
1782874338.8120432,16.9543,565,49.66,0.00
1782874338.8623624,17.0046,565,49.66,0.00
1782874338.91246,17.0547,565,49.66,0.00
1782874338.9625833,17.1048,565,49.66,0.00
1782874339.0120893,17.1543,564,49.57,-0.60
