Frequency_Hz,Command_Amp_deg,Stall_Removed_pct,Encoder_Amp_deg,IMU_roll_Amp_deg,Amplitude_Ratio,Amplitude_Ratio_dB,Phase_Diff_deg,Time_Delay_ms,Fit_R2_Encoder,Fit_R2_IMU,Outliers_Removed,Samples,IMU_Age_Corrected_ms,Gyro_Ratio,Gyro_Phase_Diff_deg
0.5000,19.9100,0.0000,19.0801,44.8753,2.3519,7.4285,-0.6545,3.6362,0.9978,0.3653,0,999,7.8559,1.0304,-1.7148
1.0000,19.8436,0.0000,19.1771,40.7346,2.1241,6.5436,-2.1375,5.9374,0.9978,0.3357,0,500,8.2858,1.0254,-4.7510
2.0000,19.9600,0.0000,19.7272,56.4137,2.8597,9.1264,0.1876,-0.2606,0.9984,0.4244,0,399,8.5696,1.0223,-10.4360
3.0000,19.8472,0.0000,19.8693,65.0671,3.2747,10.3036,-0.8911,0.8251,0.9914,0.5013,0,399,8.8442,1.0261,-15.9268
4.0000,15.8900,0.0000,14.9726,3.6090,0.2410,-12.3582,-3.2436,2.2525,0.9790,0.4196,8,399,9.1176,1.0252,-21.4780
5.0000,12.7300,0.0000,10.7111,1.2388,0.1157,-18.7365,-6.5071,3.6151,0.9639,0.8303,2,399,9.3954,1.0253,-26.9958
6.0000,10.5900,0.0000,7.6047,0.8101,0.1065,-19.4506,-9.6461,4.4658,0.9246,0.8272,0,400,8.4423,1.0310,-32.1345
8.0000,7.9400,0.0000,4.4240,0.4635,0.1048,-19.5949,-18.0651,6.2726,0.7036,0.6447,0,400,5.2463,1.0391,-42.3966
10.0000,6.0600,0.0000,2.7716,0.2503,0.0903,-20.8851,-31.2015,8.6671,0.9941,0.7853,0,399,2.6928,1.0464,-53.4024
